Distance_(microns),svbint,krint,svb,mlptint,eve-en,cad,kr,mlpt,gt
0,366.54411764705884,394.44117647058823,447.13235294117646,408.69117647058823,501.05882352941177,274.45588235294116,286.1470588235294,246.75,572.9852941176471
1,363.98571428571427,394.15714285714284,465.48571428571427,413.64285714285717,510.25714285714287,277.8857142857143,290.8857142857143,252.34285714285716,605.7285714285714
2,382.4861111111111,405.5416666666667,495.05555555555554,416.7361111111111,485.34722222222223,285.47222222222223,297.6666666666667,256.3333333333333,616.8194444444445
3,403.6621621621622,427.97297297297297,497.2837837837838,423.1756756756757,473.36486486486484,290.56756756756755,296.2567567567568,255.45945945945945,635.8513513513514
4,401.44736842105266,434.36842105263156,493.05263157894734,427.69736842105266,486.3157894736842,294.42105263157896,292.69736842105266,251.97368421052633,649.75
5,386.2716049382716,431.358024691358,483.320987654321,434.1358024691358,484.3703703703704,297.358024691358,295.0,245.8395061728395,639.395061728395
6,379.1011235955056,436.02247191011236,489.8426966292135,440.97752808988764,469.34831460674155,293.5842696629214,301.2022471910112,244.6629213483146,604.4719101123595
7,387.8085106382979,425.3829787234043,506.8404255319149,448.6595744680851,469.47872340425533,299.3936170212766,306.02127659574467,244.3404255319149,598.2765957446809
8,393.92929292929296,437.2929292929293,516.2929292929293,448.8484848484849,467.2121212121212,310.4141414141414,311.0808080808081,239.8989898989899,617.10101010101
9,395.0,427.52884615384613,520.125,442.24038461538464,462.88461538461536,308.2980769230769,318.27884615384613,238.04807692307693,634.0192307692307
10,376.1711711711712,423.3783783783784,523.3603603603603,443.13513513513516,461.44144144144144,294.56756756756755,320.68468468468467,228.61261261261262,634.3333333333334
11,378.0833333333333,425.6666666666667,522.7333333333333,446.81666666666666,461.475,289.0,316.45,223.28333333333333,656.7583333333333
12,375.1746031746032,414.9920634920635,517.2380952380952,440.4920634920635,454.0238095238095,284.7936507936508,308.1031746031746,220.03968253968253,649.5873015873016
13,376.6857142857143,410.9,513.4214285714286,436.9214285714286,438.17857142857144,274.9,297.6642857142857,212.0857142857143,676.9214285714286
14,367.8041958041958,390.3776223776224,507.041958041958,433.83916083916085,457.15384615384613,272.68531468531467,299.73426573426576,209.74825174825176,655.9090909090909
15,358.83673469387753,381.4557823129252,489.3537414965986,424.0816326530612,479.6938775510204,274.40816326530614,299.3741496598639,202.2721088435374,619.1292517006802
16,355.41059602649005,390.12582781456956,486.20529801324506,419.96026490066225,483.50993377483445,276.64900662251654,292.55629139072846,199.95364238410596,599.1059602649007
17,365.6907894736842,385.9013157894737,485.0394736842105,423.7171052631579,478.50657894736844,275.50657894736844,291.8421052631579,200.61184210526315,561.0986842105264
18,368.09090909090907,380.3181818181818,482.90909090909093,414.961038961039,468.73376623376623,275.93506493506493,293.8181818181818,201.05194805194805,601.3571428571429
19,357.55128205128204,379.29487179487177,474.4102564102564,410.54487179487177,460.68589743589746,279.3525641025641,294.5833333333333,201.56410256410257,601.6794871794872
20,355.68152866242036,378.312101910828,474.3630573248408,411.38216560509557,461.5987261146497,281.9171974522293,294.7515923566879,204.48407643312103,574.968152866242
21,360.0509554140127,378.18471337579615,476.7770700636943,415.5796178343949,465.484076433121,277.8980891719745,296.0509554140127,209.74522292993632,567.3566878980891
22,362.84177215189874,407.19620253164555,475.76582278481015,431.06962025316454,472.61392405063293,281.12025316455697,298.3544303797468,212.5379746835443,575.4367088607595
23,359.20382165605093,417.3312101910828,478.04458598726114,447.312101910828,481.43949044585986,287.3312101910828,300.19745222929936,206.69426751592357,583.5796178343949
24,364.74050632911394,388.9620253164557,496.84177215189874,450.53164556962025,484.1392405063291,294.15822784810126,303.7088607594937,199.15189873417722,567.5506329113924
25,356.90506329113924,373.11392405063293,518.506329113924,437.26582278481015,479.9493670886076,296.3354430379747,304.76582278481015,194.36708860759492,530.6645569620254
26,371.7628205128205,371.47435897435895,521.3461538461538,422.90384615384613,468.59615384615387,287.9871794871795,297.63461538461536,190.76282051282053,541.4935897435897
27,362.7225806451613,374.8516129032258,504.89677419354837,416.50967741935483,463.1548387096774,279.2258064516129,296.5483870967742,185.83870967741936,560.7677419354839
28,353.18471337579615,370.8407643312102,495.07643312101914,404.21656050955414,458.07643312101914,276.0891719745223,296.63057324840764,179.22292993630575,538.6624203821656
29,336.5345911949685,355.27672955974845,491.12578616352204,392.1132075471698,441.49685534591197,270.8930817610063,289.9308176100629,174.33962264150944,500.8993710691824
30,330.43125,356.08125,482.43125,383.05625,442.45625,267.63125,284.3875,172.0375,484.4375
31,329.96178343949043,341.9171974522293,480.96178343949043,377.8089171974522,455.19745222929936,273.0,285.4649681528662,169.70063694267515,476.79617834394907
32,330.21153846153845,344.1474358974359,485.1730769230769,376.34615384615387,454.12820512820514,275.95512820512823,285.28846153846155,163.49358974358975,458.5
33,340.484076433121,338.828025477707,488.54140127388536,376.8471337579618,452.5350318471338,275.9171974522293,281.26751592356686,156.46496815286625,446.656050955414
34,345.7548387096774,335.7225806451613,492.23225806451615,377.7741935483871,446.3290322580645,269.741935483871,281.0516129032258,150.84516129032258,445.3354838709677
35,345.06535947712416,337.73856209150324,483.9019607843137,380.2156862745098,448.6732026143791,259.98039215686276,286.0065359477124,146.20915032679738,437.9019607843137
36,348.0718954248366,335.2156862745098,473.3856209150327,387.26797385620915,449.078431372549,254.2941176470588,289.9477124183006,142.12418300653596,428.9281045751634
37,349.0522875816994,334.8562091503268,470.47712418300654,386.6078431372549,444.5359477124183,256.5686274509804,290.359477124183,138.84313725490196,446.1307189542484
38,342.5960264900662,341.6092715231788,468.41059602649005,375.6158940397351,430.82781456953643,252.16556291390728,292.42384105960264,136.08609271523179,455.28476821192055
39,326.9006622516556,340.0662251655629,472.9337748344371,370.3112582781457,426.5430463576159,251.75496688741723,292.8543046357616,134.19867549668874,464.4834437086093
40,321.0522875816994,337.47712418300654,476.67973856209153,374.6666666666667,423.4117647058824,252.56209150326796,294.7516339869281,132.20915032679738,492.29411764705884
41,329.0986842105263,347.6842105263158,471.07894736842104,382.36842105263156,426.42105263157896,250.26973684210526,300.30263157894734,130.84868421052633,504.3421052631579
42,341.5364238410596,343.3708609271523,475.3973509933775,384.5827814569536,432.21854304635764,244.6225165562914,300.07284768211923,129.76158940397352,483.5298013245033
43,335.32026143790847,356.47058823529414,487.73202614379085,383.4901960784314,434.3333333333333,241.28758169934642,300.0065359477124,128.94117647058823,449.5686274509804
44,336.90909090909093,359.85714285714283,489.55194805194805,387.3831168831169,425.57142857142856,239.69480519480518,307.4935064935065,128.94805194805195,432.8051948051948
45,323.30967741935484,356.8838709677419,493.2903225806452,387.2903225806452,413.64516129032256,239.79354838709676,318.6322580645161,128.90322580645162,427.36129032258066
46,326.3636363636364,368.538961038961,503.6623376623377,387.4220779220779,404.4155844155844,237.95454545454547,335.77272727272725,129.5909090909091,436.8961038961039
47,346.5705128205128,380.45512820512823,514.8333333333334,388.72435897435895,400.2371794871795,237.57051282051282,350.9871794871795,131.92307692307693,434.8076923076923
48,364.2025316455696,371.0126582278481,531.9050632911392,388.0759493670886,402.126582278481,242.74683544303798,356.4746835443038,133.18987341772151,420.626582278481
49,357.0880503144654,356.72327044025155,555.9685534591194,391.3018867924528,392.748427672956,246.47169811320754,353.6792452830189,132.52201257861634,439.25786163522014
50,339.5,352.775,577.95,393.75625,375.40625,240.75625,348.79375,132.81875,446.7
51,338.7654320987654,354.5246913580247,590.358024691358,392.5987654320988,360.7345679012346,235.23456790123456,348.85185185185185,136.6851851851852,428.9567901234568
52,347.65644171779144,355.6503067484663,590.2269938650306,393.6134969325153,349.86503067484665,236.80981595092024,358.0,141.77300613496934,413.28834355828224
53,343.030303030303,348.8666666666667,578.4848484848485,393.2121212121212,348.8848484848485,240.88484848484848,369.8666666666667,143.44848484848484,406.030303030303
54,343.76363636363635,343.92727272727274,558.260606060606,387.8484848484849,351.8848484848485,244.04848484848486,378.92121212121214,141.87878787878788,406.8060606060606
55,370.3855421686747,344.34939759036143,546.8072289156627,380.2951807228916,350.60843373493975,245.03614457831324,378.7289156626506,139.6144578313253,418.421686746988
56,379.7559523809524,343.8511904761905,555.2678571428571,376.6309523809524,348.55357142857144,247.7202380952381,382.2857142857143,141.51785714285714,433.04761904761904
57,386.47058823529414,357.5705882352941,561.9117647058823,376.65294117647056,345.71176470588233,248.1,386.1764705882353,142.28235294117647,425.5882352941176
58,377.9822485207101,373.1360946745562,562.7159763313609,379.0769230769231,346.0769230769231,246.8284023668639,380.10059171597635,143.27810650887574,405.3431952662722
59,353.8235294117647,362.56470588235294,567.4294117647058,382.63529411764705,347.8529411764706,247.08823529411765,376.41764705882355,142.88823529411764,402.54117647058825
60,358.04651162790697,361.04651162790697,577.4709302325581,384.6220930232558,348.8837209302326,248.16860465116278,372.9418604651163,142.3546511627907,407.1220930232558
61,360.01162790697674,350.6337209302326,594.1569767441861,389.31976744186045,349.5406976744186,246.2674418604651,371.6337209302326,143.99418604651163,412.8720930232558
62,351.01162790697674,350.3313953488372,598.9127906976744,394.15697674418607,346.7093023255814,243.8372093023256,378.50581395348837,144.99418604651163,412.80232558139534
63,339.47701149425285,360.36206896551727,576.0344827586207,398.9655172413793,348.5977011494253,241.05747126436782,387.8045977011494,144.49425287356323,408.2241379310345
64,335.2298850574713,362.1666666666667,556.8448275862069,403.52298850574715,351.764367816092,240.06896551724137,398.38505747126436,141.45402298850576,382.1666666666667
65,342.2457142857143,353.89714285714285,574.0857142857143,401.49142857142857,349.93142857142857,241.42857142857142,408.7257142857143,138.11428571428573,368.0057142857143
66,344.4488636363636,359.39204545454544,598.3636363636364,394.20454545454544,352.83522727272725,245.96022727272728,414.1306818181818,135.3181818181818,365.97727272727275
67,345.79661016949154,378.1694915254237,625.7344632768362,389.15819209039546,355.9491525423729,248.23728813559322,413.8587570621469,132.8135593220339,360.3220338983051
68,359.2808988764045,379.39325842696627,648.8370786516854,385.9325842696629,356.30898876404495,243.4494382022472,410.60674157303373,131.4494382022472,358.061797752809
69,371.5819209039548,365.4689265536723,653.7683615819209,382.7118644067797,361.23728813559325,240.66101694915255,414.2316384180791,130.27118644067798,367.03389830508473
70,383.438202247191,370.19101123595505,643.870786516854,384.5561797752809,369.86516853932585,240.76404494382024,422.7808988764045,128.96067415730337,374.97752808988764
71,409.1277777777778,367.01666666666665,644.8444444444444,387.49444444444447,380.9277777777778,239.35555555555555,421.1222222222222,130.67777777777778,359.5777777777778
72,443.00555555555553,385.8888888888889,682.0666666666667,387.7,384.97222222222223,237.65555555555557,423.1388888888889,133.12222222222223,358.72777777777776
73,462.5810055865922,403.8491620111732,714.2067039106146,386.23463687150837,381.66480446927375,239.2290502793296,426.4860335195531,136.0,346.18435754189943
74,463.0773480662983,407.9502762430939,720.9723756906077,382.7182320441989,375.2099447513812,239.0331491712707,440.1436464088398,134.33701657458565,340.50276243093924
75,466.45054945054943,389.55494505494505,716.010989010989,376.9230769230769,368.24175824175825,237.96703296703296,453.44505494505495,131.53846153846155,340.5274725274725
76,418.57142857142856,378.4230769230769,707.0384615384615,380.0769230769231,369.6703296703297,238.9065934065934,453.7142857142857,128.8846153846154,335.5054945054945
77,391.4590163934426,369.08196721311475,677.75956284153,380.73770491803276,379.9617486338798,239.50819672131146,435.6612021857924,126.55737704918033,334.60655737704917
78,385.73770491803276,385.27868852459017,686.1912568306011,381.26229508196724,390.07650273224044,239.15300546448088,421.09289617486337,126.22950819672131,333.1530054644809
79,384.2568306010929,393.6612021857924,686.327868852459,391.3879781420765,390.95081967213116,240.01639344262296,420.88524590163934,126.50819672131148,345.40437158469945
80,405.94565217391306,375.95652173913044,702.5,399.9945652173913,387.6576086956522,235.07065217391303,426.8695652173913,128.68478260869566,350.8858695652174
81,415.35869565217394,361.2717391304348,729.4565217391304,409.57608695652175,398.8532608695652,232.54347826086956,435.60869565217394,130.7554347826087,347.8097826086956
82,405.3297297297297,363.8216216216216,749.854054054054,404.3945945945946,406.1297297297297,230.27027027027026,434.6918918918919,129.87027027027028,335.97297297297297
83,412.92432432432435,375.2648648648649,752.8864864864864,393.2432432432432,396.31891891891894,231.8054054054054,427.25405405405405,129.8918918918919,316.8054054054054
84,425.3945945945946,383.58378378378376,776.4,391.8054054054054,394.6216216216216,235.9945945945946,425.2918918918919,134.0972972972973,322.772972972973
85,417.8983957219251,384.52941176470586,813.4491978609626,390.09090909090907,392.1336898395722,235.91978609625667,421.47058823529414,137.41176470588235,337.01604278074865
86,416.5935828877005,378.45454545454544,825.6791443850267,382.2566844919786,388.14973262032083,236.06951871657753,418.379679144385,136.24598930481284,342.93048128342247
87,411.03743315508024,383.13903743315507,815.283422459893,377.86096256684493,393.14438502673795,237.75401069518716,433.6096256684492,133.1818181818182,340.29411764705884
88,433.4308510638298,400.45212765957444,816.468085106383,381.6968085106383,404.2340425531915,239.01063829787233,438.6010638297872,132.9095744680851,334.4414893617021
89,464.75401069518716,398.8288770053476,835.7860962566845,386.3368983957219,413.96256684491976,242.8181818181818,421.50267379679144,130.54545454545453,327.427807486631
90,415.47340425531917,373.5,852.7446808510638,387.9468085106383,423.8936170212766,252.45744680851064,418.5,127.67021276595744,330.40425531914894
91,402.8835978835979,370.7936507936508,851.063492063492,390.1904761904762,443.63492063492066,262.1164021164021,427.4973544973545,126.41269841269842,319.7142857142857
92,423.6031746031746,361.14814814814815,822.925925925926,388.021164021164,463.32804232804233,262.29100529100526,435.6984126984127,124.95238095238095,318.0
93,425.71276595744683,366.97872340425533,761.7074468085107,390.8191489361702,465.84574468085106,255.4627659574468,438.1063829787234,125.22872340425532,324.74468085106383
94,398.76719576719574,375.4179894179894,747.6825396825396,395.6825396825397,456.2433862433862,258.2804232804233,430.7037037037037,127.6931216931217,323.010582010582
95,388.6296296296296,376.73015873015873,759.5873015873016,394.30687830687833,450.9153439153439,266.5608465608466,425.8412698412698,130.47089947089947,314.7883597883598
96,388.88421052631577,372.5421052631579,772.0263157894736,393.64736842105265,463.6684210526316,270.80526315789473,425.82105263157894,131.26842105263157,319.11578947368423
97,399.09574468085106,375.07978723404256,797.6436170212766,391.52659574468083,488.27659574468083,273.56382978723406,434.3989361702128,130.4255319148936,329.5531914893617
98,408.4574468085106,374.1436170212766,800.3563829787234,387.5425531914894,512.6755319148937,271.6329787234043,439.1808510638298,130.67021276595744,338.781914893617
99,420.1016042780749,372.67379679144386,787.6791443850267,389.6149732620321,524.903743315508,270.29411764705884,438.06417112299465,132.2673796791444,353.7486631016043
100,435.7659574468085,378.4308510638298,782.2872340425532,394.8723404255319,518.6914893617021,279.27127659574467,436.5159574468085,134.12765957446808,359.25
101,451.3636363636364,387.2513368983957,796.1069518716578,395.0855614973262,509.9197860962567,280.8235294117647,439.3368983957219,135.67379679144386,353.3368983957219
102,454.8494623655914,382.741935483871,831.3709677419355,390.98924731182797,503.505376344086,273.11290322580646,436.90860215053766,133.32258064516128,357.7043010752688
103,436.37297297297295,385.71351351351353,860.7189189189189,387.0162162162162,490.47027027027025,266.71351351351353,427.38378378378377,133.64324324324323,354.4864864864865
104,439.07567567567565,389.61621621621623,873.9297297297297,386.7189189189189,477.2162162162162,262.6378378378378,433.15135135135137,136.85405405405405,351.4054054054054
105,455.0108695652174,437.79347826086956,879.2445652173913,387.5217391304348,458.64130434782606,260.79347826086956,446.0869565217391,137.2391304347826,348.7173913043478
106,517.2717391304348,410.1358695652174,864.695652173913,384.5978260869565,439.45108695652175,256.8967391304348,456.6576086956522,137.7391304347826,350.7771739130435
107,480.3114754098361,415.8469945355191,849.568306010929,382.6885245901639,424.78142076502735,251.70491803278688,456.0218579234973,136.5737704918033,360.42076502732243
108,479.121546961326,414.1160220994475,843.1049723756906,384.89502762430936,418.44198895027625,249.31491712707182,457.8121546961326,132.060773480663,363.9281767955801
109,484.21546961325964,395.4806629834254,850.9834254143647,385.8121546961326,423.68508287292815,251.32044198895028,461.4475138121547,129.47513812154696,342.8508287292818
110,471.72777777777776,383.1611111111111,847.95,387.8388888888889,435.40555555555557,252.46666666666667,461.52222222222224,129.13888888888889,353.7111111111111
111,471.3072625698324,390.6927374301676,855.6033519553073,394.6256983240223,436.6703910614525,254.08379888268158,457.1508379888268,131.15642458100558,366.1117318435754
112,455.6779661016949,404.82485875706215,885.7853107344632,404.0621468926554,437.05649717514126,260.3785310734463,458.0,133.38418079096044,368.08474576271186
113,424.14204545454544,399.48295454545456,872.3693181818181,408.01704545454544,437.59659090909093,261.64772727272725,451.59659090909093,134.21022727272728,361.40909090909093
114,409.72727272727275,385.85795454545456,832.9261363636364,408.3238636363636,427.3693181818182,254.3409090909091,436.34090909090907,133.9034090909091,368.59090909090907
115,416.3735632183908,380.2298850574713,806.7701149425287,412.1666666666667,423.7241379310345,247.1494252873563,424.6896551724138,133.1551724137931,361.5287356321839
116,442.4418604651163,386.97093023255815,802.9418604651163,413.6279069767442,430.8255813953488,244.25581395348837,428.6220930232558,131.61046511627907,322.8081395348837
117,484.86046511627904,403.5813953488372,811.6104651162791,404.1744186046512,442.79651162790697,250.37790697674419,434.25581395348837,129.44767441860466,309.3139534883721
118,543.5562130177515,415.9230769230769,824.1360946745563,393.20118343195264,449.62721893491124,251.55621301775147,433.4852071005917,129.04142011834318,324.89940828402365
119,580.2559523809524,401.5059523809524,819.827380952381,388.1845238095238,452.61309523809524,255.00595238095238,428.64285714285717,129.0,339.67857142857144
120,536.0833333333334,394.125,812.8154761904761,391.9166666666667,444.2738095238095,257.01785714285717,434.30357142857144,127.54166666666667,342.1309523809524
121,437.72289156626505,422.2168674698795,832.7530120481928,401.355421686747,447.3313253012048,256.6265060240964,444.0843373493976,126.90963855421687,348.43373493975906
122,429.1646341463415,406.3780487804878,837.5670731707318,399.9817073170732,465.5548780487805,255.90243902439025,434.4817073170732,128.47560975609755,356.0487804878049
123,452.71604938271605,384.35185185185185,824.3765432098766,387.65432098765433,488.4012345679012,253.83333333333334,417.4691358024691,128.56172839506172,331.358024691358
124,456.91358024691357,376.12345679012344,813.2222222222222,382.17283950617286,510.7098765432099,259.4382716049383,412.75308641975306,126.0679012345679,320.9012345679012
125,434.3125,393.58125,803.8,380.51875,527.35625,266.9375,413.00625,124.0625,312.7625
126,422.54716981132077,393.9874213836478,796.2138364779875,373.811320754717,528.9056603773585,259.748427672956,413.39622641509436,123.50943396226415,308.77358490566036
127,416.7770700636943,372.3949044585987,802.5031847133758,371.7643312101911,521.6369426751593,250.61146496815286,417.7261146496815,123.06369426751593,305.0063694267516
128,402.12179487179486,360.8076923076923,811.6282051282051,372.5897435897436,512.4294871794872,251.5,422.2692307692308,121.49358974358974,296.7435897435897
129,400.50967741935483,350.7032258064516,798.6774193548387,373.3483870967742,509.6516129032258,255.6258064516129,424.71612903225804,120.87741935483871,289.19354838709677
130,410.66013071895424,346.2352941176471,786.6339869281046,374.33986928104576,497.72549019607845,257.7843137254902,429.55555555555554,120.9281045751634,299.84313725490193
131,403.20394736842104,362.0986842105263,782.8421052631579,375.8355263157895,485.74342105263156,259.61842105263156,436.70394736842104,121.8092105263158,310.8092105263158
132,395.82,403.2733333333333,773.6066666666667,379.9,470.32,254.08,445.29333333333335,122.62,310.46
133,399.52702702702703,441.8918918918919,754.3108108108108,383.7162162162162,450.6554054054054,250.6216216216216,448.86486486486484,121.70945945945945,318.8310810810811
134,410.01360544217687,436.0952380952381,731.625850340136,378.6462585034014,442.0408163265306,243.6530612244898,442.3061224489796,119.65306122448979,325.7687074829932
135,426.6275862068965,409.2068965517241,732.3448275862069,369.3586206896552,433.82068965517243,241.29655172413794,437.7103448275862,118.1103448275862,312.6896551724138
136,436.3241379310345,434.17931034482757,744.1034482758621,364.6137931034483,422.1862068965517,240.06896551724137,446.97241379310344,116.96551724137932,299.6413793103448
137,464.8263888888889,419.50694444444446,742.5902777777778,364.2916666666667,408.36805555555554,238.78472222222223,460.5416666666667,116.35416666666667,311.3888888888889
138,435.11034482758623,412.11034482758623,725.7793103448275,362.0137931034483,392.88275862068963,239.4896551724138,462.7793103448276,115.54482758620689,318.5586206896552
139,395.85616438356163,415.027397260274,717.2808219178082,361.0,383.6232876712329,239.41780821917808,454.13698630136986,115.32191780821918,317.67123287671234
140,384.4689655172414,383.57241379310346,701.4758620689655,365.3586206896552,378.44827586206895,236.84827586206896,444.3448275862069,116.90344827586208,322.5931034482759
141,370.151724137931,385.99310344827586,673.8758620689655,371.4206896551724,371.29655172413794,236.15172413793104,447.86206896551727,119.45517241379311,332.73793103448276
142,351.63448275862066,384.58620689655174,671.0689655172414,369.37931034482756,369.57241379310346,235.06896551724137,459.3862068965517,120.73103448275862,321.8551724137931
143,347.3333333333333,394.40277777777777,691.0555555555555,361.55555555555554,369.6388888888889,236.38888888888889,465.09722222222223,120.46527777777777,314.93055555555554
144,360.19444444444446,410.2916666666667,704.2430555555555,356.90277777777777,368.2986111111111,239.02083333333334,469.4791666666667,119.13194444444444,315.8958333333333
145,389.58620689655174,398.7793103448276,711.7241379310345,355.4344827586207,373.7448275862069,241.3793103448276,489.42758620689654,117.44827586206897,319.9310344827586
146,405.67832167832165,379.1958041958042,724.4265734265734,357.42657342657344,382.86013986013984,248.67832167832168,524.5454545454545,116.48251748251748,317.61538461538464
147,399.12587412587413,378.5804195804196,732.5034965034965,357.4755244755245,398.986013986014,260.95104895104896,541.3496503496503,116.7972027972028,313.56643356643355
148,392.46478873239437,390.59859154929575,755.1760563380282,351.69718309859155,417.23943661971833,270.4718309859155,524.1408450704225,117.75352112676056,307.23943661971833
149,370.8098591549296,394.8732394366197,788.5070422535211,348.88028169014086,420.48591549295776,271.6619718309859,495.38732394366195,118.13380281690141,298.9718309859155
150,367.03521126760563,387.0211267605634,811.7183098591549,354.57042253521126,419.2112676056338,272.8732394366197,481.6267605633803,118.03521126760563,303.3521126760563
151,358.6928571428571,381.8142857142857,804.6571428571428,361.5571428571429,430.5571428571429,275.45714285714286,478.57142857142856,118.32142857142857,304.1714285714286
152,356.01428571428573,393.87142857142857,779.05,363.25,447.7,278.25,472.2,117.67142857142858,294.4214285714286
153,394.7,385.23571428571427,759.7142857142857,362.7857142857143,462.74285714285713,281.4428571428571,487.32142857142856,117.0,286.42857142857144
154,425.35971223021585,411.841726618705,755.0791366906475,369.158273381295,472.1151079136691,290.3884892086331,514.6906474820144,117.05035971223022,289.72661870503595
155,409.55395683453236,432.7913669064748,756.1438848920864,380.10791366906477,469.6115107913669,293.51798561151077,525.8345323741007,118.05035971223022,292.57553956834533
156,403.51824817518246,414.4379562043796,745.5182481751825,382.021897810219,467.18978102189783,287.014598540146,535.8613138686131,119.37956204379562,294.2700729927007
157,413.56390977443607,402.2481203007519,746.9097744360902,375.8721804511278,477.4736842105263,286.01503759398497,550.0977443609023,118.93984962406014,294.1127819548872
158,459.5891472868217,418.2170542635659,773.7984496124031,375.2248062015504,496.4108527131783,295.015503875969,569.2635658914729,118.15503875968992,293.72868217054264
159,453.06349206349205,420.2857142857143,780.3571428571429,375.0,508.25396825396825,300.5,576.9206349206349,119.08730158730158,297.1904761904762
160,408.1825396825397,399.06349206349205,778.2857142857143,372.7857142857143,494.3888888888889,292.8809523809524,566.5555555555555,121.18253968253968,297.55555555555554
161,385.03968253968253,388.5079365079365,796.0714285714286,371.7142857142857,477.3095238095238,281.0079365079365,555.3015873015873,121.85714285714286,303.1587301587302
162,389.241935483871,396.8709677419355,809.3870967741935,371.41129032258067,477.71774193548384,278.19354838709677,557.2822580645161,120.71774193548387,306.85483870967744
163,391.390243902439,398.5609756097561,806.6910569105692,368.7723577235772,487.3739837398374,277.1382113821138,555.479674796748,119.64227642276423,289.650406504065
164,371.1707317073171,379.3089430894309,816.2357723577236,367.0,507.0731707317073,279.1707317073171,555.829268292683,118.85365853658537,282.7073170731707
165,362.94214876033055,361.97520661157023,829.900826446281,367.53719008264466,526.2314049586777,282.91735537190084,589.3719008264463,116.09917355371901,270.3305785123967
166,377.85,375.5083333333333,806.5666666666667,368.675,527.1,281.375,600.825,115.70833333333333,268.84166666666664
167,379.05,400.80833333333334,773.925,359.28333333333336,522.3666666666667,281.46666666666664,570.2666666666667,117.4,277.275
168,403.0762711864407,419.64406779661016,742.9661016949152,350.635593220339,525.9322033898305,282.4406779661017,548.0762711864406,119.90677966101696,277.4237288135593
169,382.0,421.35897435897436,719.7521367521367,349.87179487179486,523.6752136752136,273.7264957264957,545.4957264957264,120.23931623931624,272.5042735042735
170,406.86206896551727,399.13793103448273,716.4741379310345,352.9396551724138,514.6120689655172,264.1465517241379,553.0344827586207,119.30172413793103,270.4396551724138
171,407.1578947368421,380.35087719298247,715.5701754385965,354.5438596491228,518.3421052631579,256.1929824561403,548.9824561403509,118.66666666666667,273.35087719298247
172,381.07964601769913,356.82300884955754,762.0973451327434,362.75221238938053,514.3008849557522,254.7079646017699,567.3982300884956,118.02654867256638,274.91150442477874
173,385.92857142857144,356.0892857142857,821.8035714285714,359.05357142857144,496.35714285714283,258.0625,600.5089285714286,117.15178571428571,271.54464285714283
174,375.27272727272725,367.90909090909093,855.9727272727273,353.0090909090909,509.8909090909091,255.98181818181817,635.9545454545455,118.35454545454546,269.6545454545454
175,347.3119266055046,403.25688073394497,887.4220183486239,351.72477064220186,519.9357798165138,254.75229357798165,655.2110091743119,120.25688073394495,273.07339449541286
176,345.4537037037037,408.5,904.6666666666666,356.0,513.1111111111111,261.93518518518516,669.9166666666666,122.24074074074075,273.4537037037037
177,362.16037735849056,406.66037735849056,898.8867924528302,359.1132075471698,510.2169811320755,280.39622641509436,669.1509433962265,123.06603773584905,274.92452830188677
178,382.3619047619048,440.9809523809524,848.1428571428571,363.0571428571429,499.1142857142857,279.3333333333333,664.7428571428571,123.66666666666667,276.8285714285714
179,403.23809523809524,490.15238095238095,795.6476190476191,372.3333333333333,505.0952380952381,266.6380952380952,679.9809523809524,126.15238095238095,277.79047619047617
180,409.8932038834951,526.5922330097087,811.2233009708738,379.5533980582524,516.3398058252427,263.5533980582524,692.0679611650486,126.96116504854369,279.70873786407765
181,405.6407766990291,513.0,863.1067961165048,378.5728155339806,522.8252427184466,268.97087378640776,715.6699029126214,123.93203883495146,279.7669902912621
182,447.26666666666665,468.74285714285713,884.2380952380952,374.32380952380953,533.7428571428571,273.9428571428571,722.4285714285714,121.52380952380952,280.83809523809526
183,500.11650485436894,449.2135922330097,867.9320388349514,379.94174757281553,547.9805825242719,277.8252427184466,715.2718446601941,121.2135922330097,288.40776699029124
184,506.2692307692308,427.02884615384613,905.8653846153846,383.47115384615387,550.0576923076923,284.74038461538464,741.5865384615385,122.0576923076923,296.375
185,506.46153846153845,452.53846153846155,982.4423076923077,380.0769230769231,547.7307692307693,281.3942307692308,783.5961538461538,124.47115384615384,290.22115384615387
186,432.00961538461536,448.9230769230769,916.1442307692307,378.72115384615387,533.8461538461538,263.66346153846155,836.8365384615385,124.61538461538461,275.2019230769231
187,398.02912621359224,437.747572815534,895.504854368932,386.4757281553398,517.7961165048544,251.04854368932038,861.4466019417475,124.39805825242719,272.63106796116506
188,371.94174757281553,430.126213592233,946.5533980582525,388.31067961165047,510.11650485436894,249.2135922330097,848.2233009708738,123.23300970873787,281.5145631067961
189,372.3047619047619,438.4095238095238,937.495238095238,396.247619047619,505.8095238095238,265.7047619047619,825.6190476190476,122.07619047619048,275.83809523809526
190,412.9611650485437,425.94174757281553,935.5728155339806,400.3009708737864,515.1067961165048,276.59223300970876,832.7184466019418,123.23300970873787,281.6990291262136
191,410.88461538461536,423.59615384615387,956.8461538461538,389.1730769230769,525.3461538461538,265.6923076923077,841.2019230769231,125.00961538461539,287.47115384615387
192,388.93203883495147,468.71844660194176,978.8737864077669,386.70873786407765,527.9514563106796,262.7378640776699,860.4271844660194,125.83495145631068,289.747572815534
193,382.6504854368932,512.7766990291262,977.1456310679612,389.1747572815534,535.3398058252427,262.11650485436894,888.1553398058253,125.77669902912622,284.3592233009709
194,392.24271844660194,541.4077669902913,980.0291262135922,398.77669902912623,538.9611650485436,259.00970873786406,906.0873786407767,126.59223300970874,283.7864077669903
195,398.08653846153845,536.5576923076923,951.1923076923077,412.0576923076923,531.7307692307693,257.3076923076923,901.4423076923077,127.22115384615384,285.71153846153845
196,395.61538461538464,525.3557692307693,887.5576923076923,423.1826923076923,529.1442307692307,257.00961538461536,895.1057692307693,127.54807692307692,290.75961538461536
197,377.84615384615387,586.9230769230769,840.9711538461538,424.875,526.3942307692307,253.48076923076923,890.1153846153846,128.25,292.75
198,391.4761904761905,599.4190476190477,852.0761904761905,415.0095238095238,524.4380952380952,248.16190476190476,922.5428571428571,127.29523809523809,281.3142857142857
199,414.2641509433962,561.5094339622641,917.2452830188679,397.6698113207547,520.0849056603773,244.5188679245283,948.8867924528302,122.13207547169812,275.1509433962264
200,398.93457943925233,563.7943925233645,999.2710280373832,386.9906542056075,515.588785046729,243.65420560747663,995.7196261682243,119.42990654205607,277.57943925233644
201,446.68224299065423,570.4205607476636,1029.1869158878505,375.3551401869159,516.1028037383178,247.25233644859813,1006.9532710280374,119.49532710280374,266.9252336448598
202,398.38317757009344,557.2056074766355,956.3364485981308,375.22429906542055,519.8691588785047,255.18691588785046,982.0841121495328,122.50467289719626,273.9626168224299
203,370.10091743119267,530.7064220183486,851.7706422018349,381.1926605504587,523.3394495412844,265.0,966.5137614678899,124.1651376146789,269.04587155963304
204,405.30555555555554,479.75,813.2129629629629,380.5925925925926,532.6944444444445,268.4166666666667,988.3888888888889,123.87037037037037,269.75925925925924
205,430.8165137614679,482.2477064220183,845.5779816513761,378.1743119266055,527.3669724770642,254.5045871559633,1007.816513761468,123.74311926605505,271.76146788990826
206,429.25688073394497,485.42201834862385,891.8899082568807,381.1926605504587,507.29357798165137,242.6422018348624,1010.9357798165138,124.5229357798165,276.76146788990826
207,406.8454545454546,492.23636363636365,905.8,387.8181818181818,497.55454545454546,241.87272727272727,996.6090909090909,123.97272727272727,281.1181818181818
208,390.55555555555554,503.6666666666667,893.7314814814815,394.68518518518516,501.0833333333333,244.3148148148148,977.3888888888889,123.37962962962963,283.35185185185185
209,381.8807339449541,500.0183486238532,876.6238532110092,394.92660550458714,502.3302752293578,243.39449541284404,969.3577981651376,123.87155963302752,291.13761467889907
210,383.73394495412845,520.5688073394496,871.2477064220184,393.10091743119267,503.26605504587155,243.045871559633,988.9908256880734,125.24770642201835,292.4954128440367
211,388.73394495412845,540.2110091743119,853.2110091743119,390.5596330275229,499.61467889908255,243.9816513761468,1030.3119266055046,124.13761467889908,284.0275229357798
212,403.79816513761466,528.9908256880734,814.7064220183486,389.48623853211006,496.1743119266055,242.8256880733945,1053.697247706422,121.8440366972477,278.3119266055046
213,429.74545454545455,546.0272727272727,775.2727272727273,388.3,496.8727272727273,239.95454545454547,1053.7363636363636,122.69090909090909,286.43636363636364
214,467.6666666666667,521.8981481481482,750.6851851851852,389.1574074074074,499.8703703703704,237.07407407407408,1066.9907407407406,124.23148148148148,293.01851851851853
215,427.4074074074074,525.1481481481482,733.4907407407408,394.9537037037037,493.7962962962963,235.92592592592592,1088.9259259259259,123.80555555555556,305.60185185185185
216,377.1759259259259,554.2314814814815,729.9722222222222,400.212962962963,481.1111111111111,236.87962962962962,1097.6944444444443,122.35185185185185,307.00925925925924
217,385.3551401869159,584.8224299065421,738.3177570093458,398.1588785046729,471.8317757009346,241.84112149532712,1084.3644859813085,121.81308411214954,309.6448598130841
218,381.20754716981133,555.933962264151,779.1792452830189,387.24528301886795,466.07547169811323,247.9245283018868,1074.3207547169811,122.79245283018868,311.79245283018867
219,402.8666666666667,584.3142857142857,829.0666666666667,379.3142857142857,461.4761904761905,246.5047619047619,1094.3809523809523,122.96190476190476,310.6
220,465.9811320754717,587.1132075471698,850.0094339622641,380.1981132075472,448.41509433962267,243.76415094339623,1134.066037735849,121.97169811320755,313.58490566037733
221,446.85714285714283,563.9428571428572,855.6952380952381,389.93333333333334,444.93333333333334,243.44761904761904,1164.4380952380952,121.93333333333334,318.34285714285716
222,402.375,512.2980769230769,844.8942307692307,395.0576923076923,454.8942307692308,240.41346153846155,1150.4711538461538,121.75961538461539,311.0
223,404.3883495145631,461.9514563106796,834.3495145631068,392.31067961165047,445.45631067961165,235.89320388349515,1107.9805825242718,121.75728155339806,296.0873786407767
224,402.7378640776699,447.36893203883494,822.252427184466,385.59223300970876,436.6796116504854,236.6504854368932,1056.3203883495146,121.05825242718447,296.4660194174757
225,389.6764705882353,492.0882352941176,802.4509803921569,382.51960784313724,431.7647058823529,238.99019607843138,1019.1274509803922,120.2843137254902,293.45098039215685
226,362.36538461538464,551.1057692307693,787.0961538461538,381.16346153846155,431.8942307692308,237.94230769230768,991.0096153846154,120.00961538461539,284.34615384615387
227,339.16346153846155,581.6153846153846,798.1057692307693,386.125,435.91346153846155,233.5096153846154,987.3942307692307,121.92307692307692,273.25
228,358.25714285714287,562.1809523809524,800.6285714285714,392.8857142857143,436.0761904761905,230.28571428571428,994.6952380952381,122.99047619047619,275.0761904761905
229,377.96190476190475,546.9333333333333,782.6190476190476,393.48571428571427,434.9047619047619,233.52380952380952,1000.6190476190476,121.92380952380952,292.04761904761904
230,382.9339622641509,540.9905660377359,760.7641509433962,389.2358490566038,429.02830188679246,237.3490566037736,995.7358490566038,122.61320754716981,292.4811320754717
231,349.89719626168227,517.3177570093458,747.981308411215,386.23364485981307,428.76635514018693,238.57943925233644,987.0654205607476,125.00934579439253,283.10280373831773
232,341.72222222222223,526.074074074074,745.9074074074074,386.037037037037,438.22222222222223,243.2685185185185,988.4629629629629,125.85185185185185,274.55555555555554
233,348.10185185185185,559.9722222222222,768.8703703703703,386.3240740740741,449.48148148148147,244.87037037037038,993.2962962962963,126.68518518518519,271.0833333333333
234,373.5596330275229,536.8990825688073,812.8990825688073,384.76146788990826,448.3119266055046,233.94495412844037,1003.1284403669724,128.1743119266055,270.73394495412845
235,418.77272727272725,550.8181818181819,819.6545454545454,392.40909090909093,427.3909090909091,231.8272727272727,1022.9272727272727,127.93636363636364,270.94545454545454
236,479.6636363636364,568.8363636363637,771.4545454545455,405.3545454545455,430.8818181818182,230.1909090909091,1024.909090909091,126.2909090909091,274.5
237,485.2110091743119,573.559633027523,728.816513761468,406.27522935779814,432.6697247706422,233.3577981651376,1001.2110091743119,124.25688073394495,275.23853211009174
238,442.9909090909091,540.4909090909091,719.209090909091,394.58181818181816,436.95454545454544,235.38181818181818,971.1,123.01818181818182,274.8363636363636
239,424.2072072072072,526.0,715.936936936937,384.45045045045043,443.4954954954955,233.34234234234233,961.2792792792793,123.25225225225225,273.963963963964
240,409.01801801801804,552.7747747747748,701.7207207207207,385.7117117117117,446.84684684684686,230.981981981982,973.8198198198198,124.12612612612612,278.45045045045043
241,393.43362831858406,541.3451327433628,692.5132743362832,393.6814159292035,440.20353982300884,229.30973451327435,1021.3185840707964,123.32743362831859,281.14159292035396
242,398.3805309734513,495.0088495575221,700.7610619469026,399.78761061946904,441.5840707964602,231.00884955752213,1086.867256637168,122.57522123893806,279.14159292035396
243,399.03508771929825,481.60526315789474,720.061403508772,396.7719298245614,442.42105263157896,234.41228070175438,1119.6315789473683,123.59649122807018,285.140350877193
244,397.17391304347825,493.5913043478261,721.8086956521739,389.2173913043478,439.9478260869565,233.97391304347826,1108.5652173913043,124.5304347826087,286.23478260869564
245,411.2631578947368,507.4035087719298,712.6754385964912,385.37719298245617,440.00877192982455,232.02631578947367,1103.4736842105262,124.8859649122807,288.7368421052632
246,448.38793103448273,465.1810344827586,703.0086206896551,381.58620689655174,441.87068965517244,230.44827586206895,1096.2758620689656,124.17241379310344,283.07758620689657
247,466.51724137931035,488.80172413793105,711.2413793103449,377.2413793103448,447.8534482758621,232.27586206896552,1140.448275862069,122.54310344827586,273.1896551724138
248,454.9237288135593,517.8389830508474,734.0508474576271,370.89830508474574,454.72033898305085,237.34745762711864,1170.2033898305085,120.63559322033899,282.1101694915254
249,438.9491525423729,547.9661016949152,747.6355932203389,368.5762711864407,457.2457627118644,244.48305084745763,1168.415254237288,119.80508474576271,296.72033898305085
250,477.3529411764706,542.4957983193277,763.9579831932773,371.60504201680675,455.0420168067227,244.8235294117647,1161.4033613445379,120.5798319327731,285.4117647058824
251,516.4166666666666,526.825,782.4666666666667,376.65833333333336,449.40833333333336,240.9,1190.5166666666667,121.96666666666667,278.10833333333335
252,491.8666666666667,546.5666666666667,771.9083333333333,387.64166666666665,446.01666666666665,239.88333333333333,1224.9583333333333,122.98333333333333,281.10833333333335
253,464.90833333333336,515.1,763.675,399.35833333333335,446.65833333333336,233.00833333333333,1234.4666666666667,122.80833333333334,288.39166666666665
254,462.0082644628099,479.1570247933884,763.2644628099174,397.8347107438017,447.45454545454544,226.22314049586777,1225.3223140495868,120.67768595041322,288.35537190082647
255,476.504132231405,457.1735537190083,776.7685950413223,391.9834710743802,446.2314049586777,225.69421487603304,1227.107438016529,119.23140495867769,274.6363636363636
256,482.08196721311475,448.327868852459,793.2213114754098,385.7950819672131,449.1393442622951,226.5983606557377,1214.016393442623,120.11475409836065,273.08196721311475
257,465.75409836065575,433.54918032786884,813.2868852459017,380.6311475409836,458.1803278688525,228.36885245901638,1190.6475409836066,122.40983606557377,276.0983606557377
258,409.7560975609756,415.3983739837398,816.3252032520326,378.349593495935,467.5934959349593,230.83739837398375,1145.5934959349593,124.92682926829268,279.0406504065041
259,369.0813008130081,446.1382113821138,802.2113821138212,378.8943089430894,473.5284552845528,227.9512195121951,1106.520325203252,127.5609756097561,282.0325203252033
260,407.6363636363636,494.21487603305786,797.8842975206611,381.22314049586777,467.79338842975204,223.5785123966942,1087.8347107438017,128.05785123966942,281.8429752066116
261,427.6885245901639,514.9426229508197,794.9098360655738,385.74590163934425,458.0409836065574,223.70491803278688,1079.2459016393443,123.54918032786885,281.0081967213115
262,385.75409836065575,500.77868852459017,796.4508196721312,385.41803278688525,462.78688524590166,225.01639344262296,1099.9754098360656,121.48360655737704,289.4836065573771
263,376.3089430894309,480.5284552845528,814.1219512195122,374.7073170731707,472.349593495935,224.90243902439025,1153.4959349593496,120.76422764227642,277.5528455284553
264,430.4758064516129,506.21774193548384,808.1209677419355,368.7096774193548,474.5,226.45967741935485,1185.6048387096773,119.83870967741936,272.80645161290323
265,493.856,582.936,799.192,375.392,479.728,230.24,1129.544,120.856,271.688
266,480.7903225806452,549.733870967742,820.5967741935484,382.2983870967742,495.30645161290323,236.86290322580646,1060.1854838709678,121.58064516129032,278.2741935483871
267,442.91129032258067,501.7096774193548,824.9758064516129,383.93548387096774,514.6612903225806,241.58870967741936,1046.1048387096773,121.34677419354838,283.41129032258067
268,420.8048780487805,523.4146341463414,782.6666666666666,380.7886178861789,550.8373983739838,241.35772357723576,1067.4715447154472,121.8780487804878,287.7073170731707
269,436.63709677419354,528.8951612903226,774.9758064516129,381.28225806451616,593.8548387096774,233.3548387096774,1088.8064516129032,122.18548387096774,293.6290322580645
270,417.2096774193548,536.2903225806451,796.8951612903226,382.75,603.491935483871,234.70967741935485,1120.524193548387,122.54032258064517,286.4596774193548
271,417.08870967741933,521.4596774193549,808.8790322580645,378.81451612903226,594.9354838709677,243.88709677419354,1134.8467741935483,123.74193548387096,279.31451612903226
272,421.3739837398374,506.2845528455285,826.8536585365854,376.5121951219512,611.089430894309,241.78048780487805,1128.4146341463415,125.41463414634147,277.9512195121951
273,450.0894308943089,520.4471544715448,826.1626016260162,385.3739837398374,619.4065040650406,236.08130081300814,1140.9105691056911,127.0,280.4308943089431
274,482.9430894308943,514.9268292682926,784.0975609756098,401.7967479674797,633.4471544715448,229.04065040650406,1157.739837398374,129.33333333333334,275.5365853658537
275,446.609756097561,469.1544715447154,755.2520325203252,413.520325203252,653.9186991869918,228.7479674796748,1176.2764227642276,133.0569105691057,274.5365853658537
276,393.8360655737705,475.05737704918033,797.4262295081967,425.6803278688525,665.8934426229508,234.31967213114754,1163.0,134.84426229508196,285.3196721311475
277,386.6475409836066,522.1803278688525,863.9672131147541,435.4754098360656,660.4918032786885,243.3360655737705,1109.0983606557377,140.1639344262295,291.90983606557376
278,426.89256198347107,507.11570247933884,903.4545454545455,455.1322314049587,657.1818181818181,257.44628099173553,1142.206611570248,138.54545454545453,291.7685950413223
279,509.43801652892563,490.45454545454544,885.7190082644628,480.1322314049587,661.4628099173553,260.60330578512395,1133.7603305785124,132.37190082644628,288.43801652892563
280,422.31404958677683,515.2066115702479,903.0826446280992,464.900826446281,678.1322314049587,253.39669421487602,1157.9669421487604,131.21487603305786,282.900826446281
281,417.30833333333334,570.0916666666667,951.075,448.45,700.4916666666667,247.56666666666666,1170.75,129.1,278.3833333333333
282,416.5,580.4583333333334,998.025,440.76666666666665,689.2833333333333,244.01666666666668,1139.0,131.83333333333334,289.43333333333334
283,427.21666666666664,552.1916666666667,984.1166666666667,427.71666666666664,670.5833333333334,245.99166666666667,1137.0916666666667,134.40833333333333,281.28333333333336
284,459.83898305084745,569.3050847457627,899.2203389830509,421.52542372881356,667.2542372881356,247.24576271186442,1181.9406779661017,135.45762711864407,290.8135593220339
285,482.37606837606836,578.2136752136752,874.3247863247864,415.6068376068376,661.1623931623932,252.17948717948718,1213.2905982905984,138.7863247863248,294.9145299145299
286,488.4957264957265,571.8376068376068,908.017094017094,419.5811965811966,639.991452991453,256.87179487179486,1226.965811965812,143.94871794871796,293.8376068376068
287,483.6837606837607,537.982905982906,929.6923076923077,420.86324786324786,615.6923076923077,258.0769230769231,1197.3760683760684,144.27350427350427,298.9145299145299
288,466.0948275862069,508.8448275862069,939.801724137931,414.33620689655174,610.8362068965517,259.08620689655174,1136.094827586207,140.91379310344828,304.2586206896552
289,442.5948275862069,513.7155172413793,947.75,409.7241379310345,607.4051724137931,260.6896551724138,1112.6637931034484,138.52586206896552,295.12068965517244
290,437.2844827586207,524.1896551724138,956.2758620689655,404.4741379310345,601.1810344827586,260.33620689655174,1115.4655172413793,138.5,286.62068965517244
291,467.1794871794872,530.0683760683761,952.7863247863248,405.0940170940171,598.991452991453,256.4957264957265,1087.076923076923,141.22222222222223,286.61538461538464
292,510.94827586206895,568.8275862068965,935.801724137931,417.0948275862069,610.5172413793103,251.52586206896552,1059.9827586206898,141.8448275862069,289.69827586206895
293,478.6,573.3565217391305,915.5391304347826,425.4086956521739,617.5826086956522,249.84347826086957,1072.3478260869565,141.0086956521739,297.5913043478261
294,475.96521739130435,517.8260869565217,881.2260869565217,423.68695652173915,610.4347826086956,249.30434782608697,1111.2521739130434,145.09565217391304,296.3478260869565
295,507.69565217391306,506.9826086956522,907.3913043478261,426.68695652173915,598.7478260869565,250.75652173913045,1155.6695652173912,159.6695652173913,299.1565217391304
296,553.1293103448276,534.1034482758621,954.7241379310345,441.87931034482756,605.1120689655172,257.91379310344826,1222.6637931034484,179.02586206896552,308.2931034482759
297,561.8362068965517,533.1206896551724,994.9137931034483,467.37068965517244,615.7413793103449,263.5948275862069,1312.8362068965516,201.57758620689654,305.48275862068965
298,514.991452991453,542.3504273504274,1034.6666666666667,512.965811965812,617.9401709401709,259.1111111111111,1377.957264957265,215.71794871794873,305.35897435897436
299,502.0,522.8275862068965,1044.2327586206898,571.9224137931035,618.1810344827586,258.80172413793105,1390.844827586207,221.25,310.61206896551727
300,468.2586206896552,520.5431034482758,1069.9655172413793,604.5431034482758,622.9224137931035,265.7931034482759,1382.7758620689656,228.43965517241378,312.3448275862069
301,436.36752136752136,575.3931623931624,1145.974358974359,594.017094017094,625.042735042735,273.8119658119658,1377.982905982906,238.69230769230768,316.7350427350427
302,460.6068376068376,621.4444444444445,1195.094017094017,578.1880341880342,632.2735042735043,282.87179487179486,1376.2905982905984,250.64957264957266,313.96581196581195
303,592.3418803418804,650.6153846153846,1167.8803418803418,574.008547008547,646.3504273504274,287.52991452991455,1378.6837606837607,268.13675213675214,315.04273504273505
304,710.3474576271186,661.3474576271186,1128.9915254237287,581.2542372881356,659.8728813559322,285.72033898305085,1386.457627118644,288.5169491525424,310.5
305,708.1186440677966,655.2796610169491,1138.2033898305085,603.228813559322,670.2033898305085,289.8305084745763,1415.8050847457628,300.45762711864404,309.91525423728814
306,652.0854700854701,646.3333333333334,1190.4102564102564,635.8205128205128,658.017094017094,295.04273504273505,1466.1025641025642,303.97435897435895,318.56410256410254
307,610.3644067796611,610.2627118644068,1246.3898305084747,645.8644067796611,635.1949152542373,295.27966101694915,1453.8728813559321,310.6186440677966,323.0762711864407
308,560.0084745762712,533.6610169491526,1250.1186440677966,645.3728813559322,615.3220338983051,295.91525423728814,1402.322033898305,323.97457627118644,334.08474576271186
309,559.9663865546219,504.218487394958,1229.8487394957983,657.4285714285714,598.2521008403361,298.38655462184875,1398.5378151260504,353.327731092437,336.57142857142856
310,541.453781512605,490.781512605042,1242.4621848739496,662.0756302521008,584.9831932773109,304.99159663865544,1449.3529411764705,387.8487394957983,325.52100840336135
311,525.925,518.0083333333333,1272.4833333333333,664.0,568.85,308.94166666666666,1471.925,408.43333333333334,317.925
312,621.8583333333333,487.39166666666665,1297.4,686.6333333333333,554.9083333333333,306.9583333333333,1431.2,426.35,313.3833333333333
313,638.4710743801653,535.0330578512396,1331.0,751.8181818181819,538.3719008264463,306.55371900826447,1369.8842975206612,444.6776859504132,310.11570247933884
314,646.1900826446281,574.2727272727273,1319.8181818181818,821.7355371900826,534.694214876033,312.6115702479339,1310.6446280991736,465.0,314.12396694214874
315,655.5081967213115,548.8688524590164,1249.2459016393443,878.344262295082,526.4426229508197,321.71311475409834,1272.172131147541,487.28688524590166,312.4344262295082
316,622.3306451612904,519.3629032258065,1203.7096774193549,945.0483870967741,495.7016129032258,324.83870967741933,1264.717741935484,505.28225806451616,329.61290322580646
317,641.9920634920635,517.7460317460317,1208.5873015873017,1008.1428571428571,468.7063492063492,333.3968253968254,1273.111111111111,503.7063492063492,327.26190476190476
318,630.8759689922481,537.2093023255813,1213.6511627906978,1005.1162790697674,458.5426356589147,338.1162790697674,1265.3100775193798,499.17054263565893,323.4186046511628
319,601.3863636363636,545.1666666666666,1205.2424242424242,926.689393939394,470.5378787878788,345.969696969697,1230.4015151515152,510.04545454545456,331.0530303030303
320,554.4779411764706,526.8161764705883,1195.7794117647059,820.8970588235294,482.93382352941177,346.25,1201.0073529411766,523.7573529411765,340.61764705882354
321,529.7913669064748,501.44604316546764,1195.0647482014388,754.9640287769785,485.9640287769784,337.15107913669067,1212.0359712230215,543.1654676258993,337.61870503597123
322,565.6857142857143,483.84285714285716,1226.7857142857142,754.3285714285714,481.62857142857143,331.3142857142857,1265.7285714285715,567.25,334.95
323,621.5214285714286,488.1928571428571,1275.0142857142857,774.8785714285714,481.75,330.4428571428571,1286.2571428571428,576.9357142857143,335.25
324,604.2765957446809,511.6170212765957,1291.0921985815603,805.2056737588653,487.6099290780142,334.63829787234044,1279.2340425531916,571.7588652482269,342.56028368794324
325,481.00704225352115,537.943661971831,1242.443661971831,861.5845070422536,482.53521126760563,328.1267605633803,1239.6690140845071,571.0211267605633,343.7887323943662
326,444.4718309859155,506.9577464788732,1177.605633802817,926.8802816901408,464.32394366197184,316.4718309859155,1209.3591549295775,570.4929577464789,339.7957746478873
327,523.669014084507,489.73943661971833,1182.6408450704225,928.1197183098592,466.40140845070425,314.51408450704224,1214.161971830986,567.1338028169014,338.38028169014086
328,568.4405594405595,503.3286713286713,1257.7342657342658,879.4685314685315,471.54545454545456,313.1188811188811,1246.1118881118882,573.2237762237762,344.8951048951049
329,589.1888111888112,537.1818181818181,1323.055944055944,871.027972027972,458.93706293706293,320.53846153846155,1228.832167832168,591.2867132867133,343.65034965034965
330,564.1041666666666,575.4583333333334,1347.513888888889,885.4791666666666,447.6458333333333,336.9861111111111,1189.8680555555557,610.4305555555555,343.06944444444446
331,579.3333333333334,556.1666666666666,1336.0208333333333,863.5625,441.4166666666667,350.4861111111111,1198.4166666666667,629.7847222222222,346.99305555555554
332,581.7876712328767,533.3287671232877,1307.8561643835617,814.1438356164383,448.3082191780822,354.8904109589041,1219.8013698630136,635.7671232876712,347.1575342465753
333,609.0616438356165,519.972602739726,1273.8972602739725,794.3356164383562,451.43835616438355,359.6575342465753,1210.1780821917807,645.5068493150685,349.3767123287671
334,667.2260273972603,521.3767123287671,1239.9178082191781,790.986301369863,449.3082191780822,361.6095890410959,1178.2123287671234,665.7739726027397,360.7945205479452
335,660.3194444444445,486.9166666666667,1230.5277777777778,802.7291666666666,448.55555555555554,365.18055555555554,1155.2291666666667,697.8125,356.9236111111111
336,597.2222222222222,461.65277777777777,1236.8472222222222,845.1875,443.0138888888889,363.74305555555554,1134.375,719.4583333333334,346.93055555555554
337,546.0208333333334,462.6388888888889,1239.2430555555557,896.1736111111111,439.00694444444446,362.40972222222223,1145.736111111111,728.9375,353.1875
338,534.3402777777778,468.1458333333333,1243.388888888889,913.2291666666666,438.69444444444446,365.96527777777777,1169.451388888889,740.8333333333334,356.625
339,573.027972027972,470.5524475524476,1255.076923076923,913.8531468531469,444.73426573426576,370.3636363636364,1164.0839160839162,749.8461538461538,358.3776223776224
340,587.4265734265734,470.7832167832168,1271.4685314685314,924.4405594405595,446.97202797202794,373.1468531468532,1153.2447552447552,736.986013986014,365.53846153846155
341,542.2727272727273,459.3916083916084,1288.5804195804196,934.986013986014,443.61538461538464,381.5944055944056,1147.3776223776224,739.972027972028,362.90909090909093
342,588.8661971830986,478.0845070422535,1288.1760563380283,942.4788732394367,443.0492957746479,393.8098591549296,1126.9647887323943,772.830985915493,364.98591549295776
343,645.0915492957746,436.4577464788732,1264.781690140845,934.0985915492957,451.5633802816901,396.59154929577466,1110.5070422535211,797.7042253521126,369.6478873239437
344,723.5422535211268,447.5774647887324,1256.161971830986,904.7464788732394,462.77464788732397,404.51408450704224,1127.725352112676,811.6830985915493,369.8380281690141
345,654.6950354609929,453.78723404255317,1272.6099290780141,903.1702127659574,463.51063829787233,415.31205673758865,1141.354609929078,822.9148936170212,365.2695035460993
346,582.4468085106383,442.1843971631206,1275.1702127659576,946.3191489361702,461.58156028368796,419.78723404255317,1129.0212765957447,826.8085106382979,359.93617021276594
347,494.33812949640287,435.48201438848923,1310.453237410072,1004.9424460431654,468.76978417266184,429.1654676258993,1121.2014388489208,831.043165467626,368.294964028777
348,481.27338129496405,448.41726618705036,1374.3956834532373,1039.0575539568345,474.3956834532374,436.9640287769784,1095.9424460431655,841.6474820143885,378.76978417266184
349,491.4428571428571,470.82142857142856,1401.2142857142858,1062.057142857143,486.0285714285714,442.5642857142857,1076.2928571428572,862.3428571428572,373.54285714285714
350,502.9214285714286,478.3642857142857,1385.9357142857143,1094.0142857142857,512.7571428571429,449.9214285714286,1091.5,892.8142857142857,372.59285714285716
351,510.0357142857143,497.09285714285716,1366.9642857142858,1124.6214285714286,532.7714285714286,455.1642857142857,1081.3142857142857,932.8785714285714,380.64285714285717
352,523.468085106383,523.3262411347517,1370.8652482269504,1140.6524822695035,547.5248226950355,462.5390070921986,1070.404255319149,958.4539007092199,392.0921985815603
353,540.2464788732394,524.0211267605633,1384.1901408450703,1150.1971830985915,567.6056338028169,467.7042253521127,1061.4366197183099,976.0704225352113,413.443661971831
354,524.4788732394367,511.8521126760563,1389.1901408450703,1159.4507042253522,591.7394366197183,470.61267605633805,1054.2605633802816,1018.6619718309859,414.26056338028167
355,478.47222222222223,500.06944444444446,1359.9305555555557,1161.5347222222222,628.8958333333334,467.40972222222223,1059.4097222222222,1036.7430555555557,405.50694444444446
356,467.00689655172414,481.1034482758621,1300.2344827586207,1187.344827586207,666.9310344827586,467.15862068965515,1071.8,1037.5379310344827,411.46206896551723
357,466.1027397260274,467.2260273972603,1238.8835616438357,1256.1164383561643,710.2534246575342,472.4246575342466,1110.9109589041095,1045.9109589041095,417.02054794520546
358,504.3265306122449,449.0,1228.1020408163265,1280.3877551020407,718.0204081632653,477.7551020408163,1114.2176870748299,1060.8095238095239,432.4829931972789
359,534.7414965986394,423.91156462585036,1242.843537414966,1249.2176870748299,733.0544217687075,478.81632653061223,1075.8843537414966,1085.455782312925,454.2040816326531
360,568.7114093959732,468.86577181208054,1264.6174496644296,1199.0536912751677,756.9463087248322,482.1744966442953,1032.4228187919464,1113.6778523489934,460.40939597315435
361,498.68,509.28,1270.5466666666666,1159.54,743.4666666666667,479.3333333333333,1001.1466666666666,1149.64,456.18
362,483.64,520.2533333333333,1270.48,1140.66,727.6866666666666,479.36,1002.8866666666667,1169.58,489.34
363,458.4671052631579,546.3157894736842,1239.5657894736842,1135.8486842105262,733.8092105263158,494.7171052631579,1040.2763157894738,1162.2763157894738,512.5
364,480.9078947368421,538.1776315789474,1207.2368421052631,1142.532894736842,757.75,493.8881578947368,1081.9473684210527,1168.7631578947369,527.6381578947369
365,498.4868421052632,547.9671052631579,1192.8355263157894,1128.9013157894738,768.4802631578947,494.9671052631579,1087.6644736842106,1178.7434210526317,548.8486842105264
366,506.79605263157896,559.2171052631579,1183.2105263157894,1112.453947368421,755.25,500.99342105263156,1059.7434210526317,1170.7894736842106,584.7434210526316
367,518.6666666666666,572.2156862745098,1161.5032679738563,1121.6601307189542,760.2418300653595,506.34640522875816,1052.7058823529412,1175.875816993464,619.0
368,518.9150326797386,562.9346405228758,1124.8823529411766,1153.6339869281046,763.2614379084968,515.2875816993464,1052.9477124183006,1208.4705882352941,642.4836601307189
369,501.4313725490196,524.5882352941177,1113.0522875816994,1179.3398692810458,761.5359477124183,515.8954248366013,1034.1960784313726,1219.5359477124182,636.7124183006536
370,498.6666666666667,514.8300653594771,1094.4052287581699,1196.2679738562092,743.5686274509804,510.80392156862746,1045.9281045751634,1221.921568627451,616.6797385620915
371,500.17105263157896,498.17763157894734,1095.9473684210527,1243.703947368421,731.7302631578947,505.05263157894734,1089.032894736842,1222.8355263157894,611.1644736842105
372,490.1578947368421,461.3421052631579,1155.9276315789473,1299.9276315789473,732.5065789473684,503.1513157894737,1107.8684210526317,1226.3618421052631,624.9407894736842
373,464.47058823529414,435.5032679738562,1167.5555555555557,1308.7385620915034,750.4705882352941,515.9738562091503,1067.2156862745098,1257.1960784313726,634.5686274509804
374,446.26797385620915,434.2156862745098,1117.7320261437908,1283.9934640522877,756.8169934640523,532.3856209150326,1031.0392156862745,1283.6470588235295,658.8692810457517
375,494.36842105263156,465.3092105263158,1107.8157894736842,1252.2236842105262,735.2894736842105,523.328947368421,1031.125,1306.092105263158,654.3881578947369
376,488.39869281045753,519.843137254902,1126.7777777777778,1252.3856209150326,748.9803921568628,523.3921568627451,1063.4183006535948,1328.5816993464052,660.6274509803922
377,529.8366013071895,511.8562091503268,1123.8300653594772,1285.7058823529412,766.9019607843137,528.6732026143791,1079.18954248366,1338.5359477124182,688.6274509803922
378,513.1764705882352,494.8496732026144,1099.751633986928,1268.875816993464,787.1372549019608,522.40522875817,1066.2418300653594,1339.0849673202615,701.0980392156863
379,510.6732026143791,492.72549019607845,1105.2418300653594,1175.549019607843,781.4575163398692,519.5032679738562,1043.6666666666667,1335.0065359477123,712.9411764705883
380,504.9738562091503,501.62745098039215,1115.7581699346406,1085.5424836601308,780.3006535947712,519.7581699346405,1033.4575163398692,1324.2810457516339,731.8562091503268
381,478.5882352941176,496.91503267973854,1099.8431372549019,1063.0718954248366,769.4117647058823,529.9673202614379,1031.4967320261437,1319.0849673202615,717.2418300653595
382,446.44805194805195,467.1233766233766,1090.448051948052,1106.987012987013,749.1038961038961,542.7532467532468,1015.1298701298701,1320.422077922078,705.3961038961039
383,418.73856209150324,436.921568627451,1102.2810457516339,1191.0522875816994,732.8104575163399,551.1503267973857,1006.9869281045752,1333.7908496732025,714.6209150326797
384,397.19607843137254,434.0,1113.6797385620914,1263.045751633987,733.1045751633987,550.6143790849674,997.0718954248366,1349.235294117647,722.8954248366013
385,384.28387096774196,453.7032258064516,1156.5806451612902,1297.167741935484,725.4709677419355,544.3806451612903,970.2064516129033,1327.8129032258064,742.0
386,384.458064516129,463.8,1185.516129032258,1317.032258064516,712.5870967741936,539.1935483870968,961.6387096774193,1335.858064516129,757.3741935483871
387,420.28387096774196,461.6774193548387,1200.8709677419354,1320.5290322580645,719.4258064516129,537.7806451612903,990.8774193548387,1382.7935483870967,747.1612903225806
388,487.538961038961,480.42857142857144,1190.7922077922078,1283.7727272727273,734.1038961038961,536.3506493506494,1059.8506493506493,1422.6688311688313,728.0519480519481
389,473.8636363636364,450.14935064935065,1167.8961038961038,1253.7077922077922,747.7597402597403,541.1038961038961,1060.2532467532467,1431.3831168831168,736.0194805194806
390,464.6078431372549,450.7647058823529,1172.6274509803923,1199.7777777777778,767.4313725490196,556.8692810457517,1015.8692810457517,1422.751633986928,755.8888888888889
391,417.921568627451,441.6078431372549,1205.673202614379,1158.437908496732,779.6405228758169,572.6470588235294,1007.3921568627451,1417.5686274509803,758.0457516339869
392,438.1381578947368,446.7631578947368,1141.4802631578948,1208.842105263158,770.828947368421,585.8092105263158,1020.6776315789474,1446.4802631578948,759.921052631579
393,435.2828947368421,468.4605263157895,1089.7697368421052,1322.0657894736842,747.4802631578947,598.1052631578947,1019.5986842105264,1495.8026315789473,803.2368421052631
394,425.75657894736844,469.4013157894737,1109.4013157894738,1421.8223684210527,732.7697368421053,601.3223684210526,1009.703947368421,1570.75,826.5592105263158
395,394.20394736842104,443.2763157894737,1141.4605263157894,1470.8486842105262,721.2368421052631,595.3684210526316,1001.5,1611.6513157894738,795.1381578947369
396,381.9801324503311,446.66887417218544,1183.4701986754967,1456.5960264900662,707.9602649006622,598.3708609271523,1014.2913907284768,1616.5827814569536,766.1854304635762
397,377.17218543046357,436.49006622516555,1246.4966887417218,1411.6622516556292,704.5894039735099,607.5496688741722,1043.5298013245033,1629.0927152317881,755.7019867549669
398,369.02649006622516,449.74834437086093,1279.5562913907286,1405.549668874172,710.7218543046357,616.6291390728477,1066.2450331125829,1647.76821192053,763.0794701986755
399,357.6225165562914,482.1523178807947,1230.2251655629138,1455.708609271523,725.3973509933775,618.3907284768212,1075.728476821192,1663.794701986755,782.5960264900663
400,348.6533333333333,527.88,1141.2933333333333,1509.12,730.6533333333333,617.8933333333333,1070.5333333333333,1709.3866666666668,780.8266666666667
401,350.26666666666665,577.22,1064.8666666666666,1524.0733333333333,723.5866666666667,618.4133333333333,1050.2066666666667,1794.5466666666666,740.8
402,353.0993377483444,569.8013245033112,1030.6556291390727,1492.4238410596026,699.682119205298,617.2119205298013,1063.8609271523178,1858.6423841059602,718.682119205298
403,343.75,520.4605263157895,1064.75,1433.1644736842106,667.1644736842105,613.5592105263158,1114.1447368421052,1865.0986842105262,711.2697368421053
404,365.92105263157896,442.0657894736842,1145.4934210526317,1405.8223684210527,644.5592105263158,616.8355263157895,1161.2236842105262,1900.3947368421052,710.9802631578947
405,352.1437908496732,435.26143790849676,1179.797385620915,1399.1830065359477,638.9411764705883,625.3333333333334,1153.424836601307,1934.6535947712418,707.0
406,335.8235294117647,457.078431372549,1134.0980392156862,1340.7777777777778,635.5490196078431,623.0980392156863,1130.7843137254902,1898.9411764705883,722.3856209150326
407,339.60645161290324,524.1806451612903,1079.7096774193549,1278.2387096774194,623.9935483870968,626.7870967741935,1109.3870967741937,1857.967741935484,704.5225806451613
408,357.7307692307692,487.4230769230769,1033.9679487179487,1277.2051282051282,607.7435897435897,635.7371794871794,1100.3076923076924,1831.8910256410256,702.0064102564103
409,344.30379746835445,471.4367088607595,990.8924050632911,1324.4050632911392,596.8037974683544,643.7341772151899,1104.3291139240507,1812.1708860759493,688.1645569620254
410,345.49367088607596,463.6645569620253,953.5886075949367,1400.6835443037974,587.7088607594936,640.4430379746835,1091.5,1815.2721518987341,653.1898734177215
411,345.23125,458.79375,927.05625,1450.075,582.20625,638.725,1058.83125,1821.3375,649.73125
412,347.81875,485.7,932.15625,1473.25625,586.025,643.7875,1078.95625,1846.73125,678.30625
413,355.5740740740741,519.3333333333334,952.3888888888889,1442.3333333333333,581.8765432098766,643.0,1117.3703703703704,1866.7654320987654,651.1172839506173
414,352.31481481481484,560.9012345679013,977.6666666666666,1399.29012345679,569.2654320987655,641.0493827160494,1111.3395061728395,1914.1234567901236,647.5061728395061
415,338.65644171779144,546.680981595092,994.2760736196319,1360.3128834355828,566.6564417177914,638.8466257668712,1056.9447852760736,1949.3006134969326,650.7914110429448
416,333.2134146341463,502.8292682926829,997.3719512195122,1338.3475609756097,561.4634146341464,636.4634146341464,1033.591463414634,1942.8536585365853,638.2256097560976
417,337.0,504.3658536585366,983.030487804878,1326.4268292682927,546.3658536585366,629.609756097561,1057.2926829268292,1901.628048780488,636.8780487804878
418,336.09638554216866,505.5240963855422,953.4518072289156,1311.6807228915663,547.4698795180723,623.8734939759037,1052.55421686747,1856.4819277108434,636.0843373493976
419,339.4610778443114,498.78443113772454,924.5149700598803,1311.9820359281437,549.3832335329341,626.4850299401197,1005.6526946107784,1844.3353293413174,639.7964071856287
420,346.4761904761905,490.2797619047619,874.2738095238095,1325.642857142857,540.1130952380952,631.5833333333334,955.4821428571429,1813.8988095238096,646.7261904761905
421,350.25,486.7857142857143,829.7678571428571,1338.0059523809523,534.8809523809524,644.9404761904761,941.2916666666666,1764.0119047619048,644.9940476190476
422,351.2426035502959,470.96449704142015,834.7810650887574,1346.775147928994,538.5739644970414,649.207100591716,942.4201183431952,1747.8579881656806,643.0887573964498
423,349.9881656804734,448.4733727810651,857.2366863905326,1331.2189349112425,536.3076923076923,654.5680473372781,953.5325443786983,1784.094674556213,641.7514792899408
424,323.17543859649123,454.39181286549706,844.0350877192982,1304.327485380117,540.8479532163743,651.1754385964912,973.3976608187135,1821.391812865497,627.3508771929825
425,315.95348837209303,497.65697674418607,804.4825581395348,1315.3662790697674,542.1337209302326,654.1569767441861,986.4476744186046,1841.639534883721,600.9651162790698
426,332.6279069767442,513.8604651162791,760.7674418604652,1372.1279069767443,539.7151162790698,662.9302325581396,965.0,1836.5581395348838,611.6860465116279
427,332.1220930232558,514.2209302325581,741.6395348837209,1444.3779069767443,559.8023255813954,652.4244186046511,928.6569767441861,1803.1279069767443,613.9011627906976
428,320.8612716763006,499.0,739.6531791907514,1461.2023121387283,566.4104046242775,646.5375722543353,896.7572254335261,1748.3699421965318,595.5780346820809
429,314.95402298850576,477.67816091954023,742.7701149425287,1420.3563218390805,567.8850574712644,645.3390804597701,874.8965517241379,1702.5172413793102,587.6781609195402
430,327.5574712643678,455.6551724137931,746.6896551724138,1400.367816091954,568.264367816092,652.2413793103449,864.471264367816,1694.316091954023,579.0574712643678
431,339.2758620689655,468.37931034482756,740.8620689655172,1393.0402298850574,561.6379310344828,663.1034482758621,871.3218390804598,1704.0862068965516,573.7298850574713
432,336.68,489.14285714285717,721.0514285714286,1407.5485714285714,558.2342857142858,664.3428571428572,873.8971428571429,1695.1771428571428,585.8628571428571
433,345.1818181818182,463.8693181818182,717.9090909090909,1440.5738636363637,566.1193181818181,652.3920454545455,861.6875,1688.6306818181818,602.0795454545455
434,370.9039548022599,437.47457627118644,731.2316384180791,1446.6440677966102,567.8700564971751,648.2881355932203,836.1412429378531,1691.045197740113,581.9661016949152
435,361.24858757062145,428.01129943502826,748.271186440678,1457.8813559322034,572.4067796610169,660.8813559322034,823.4858757062146,1693.7175141242938,571.5310734463277
436,349.19209039548025,421.8474576271187,732.8926553672317,1463.5367231638418,579.2429378531074,679.5932203389831,823.5367231638418,1662.6666666666667,543.0395480225989
437,361.54748603351953,430.87150837988827,682.1508379888268,1470.6424581005588,586.4022346368715,681.5474860335196,819.2290502793296,1633.4804469273743,539.2234636871508
438,340.8659217877095,462.268156424581,641.0837988826815,1478.9497206703911,589.3631284916202,662.9720670391062,826.0335195530727,1648.1620111731843,547.9106145251396
439,327.98324022346367,478.9608938547486,633.0782122905028,1428.0670391061453,581.2067039106146,657.268156424581,845.7988826815642,1689.536312849162,548.8770949720671
440,355.7150837988827,461.6256983240223,637.5307262569833,1342.1508379888269,565.536312849162,667.1899441340782,853.7094972067039,1724.6480446927374,552.608938547486
441,384.8388888888889,478.6222222222222,637.4888888888889,1282.8277777777778,562.2888888888889,684.05,839.3,1718.0333333333333,579.8888888888889
442,385.27222222222224,485.6277777777778,641.4055555555556,1265.638888888889,568.15,692.7944444444445,820.7444444444444,1689.7722222222221,607.2222222222222
443,386.4640883977901,488.3204419889503,646.4419889502763,1247.2817679558011,582.3480662983426,696.1049723756906,796.0,1677.6961325966852,611.646408839779
444,367.0879120879121,470.3736263736264,637.4395604395604,1261.1208791208792,593.934065934066,700.2747252747253,770.6593406593406,1696.543956043956,601.0714285714286
445,357.646408839779,440.49723756906076,615.5911602209944,1331.0883977900553,609.1160220994475,705.3646408839779,767.0441988950276,1704.3314917127072,587.7790055248619
446,365.33516483516485,428.9835164835165,599.489010989011,1383.642857142857,615.8186813186813,705.1538461538462,773.2527472527472,1675.8626373626373,585.6758241758242
447,380.2912087912088,424.7857142857143,592.1428571428571,1382.7087912087911,615.7252747252747,702.6428571428571,764.1428571428571,1671.6263736263736,576.5989010989011
448,384.9130434782609,408.2880434782609,598.2771739130435,1326.4076086956522,609.8586956521739,707.0760869565217,742.8260869565217,1678.608695652174,581.0434782608696
449,373.4891304347826,409.2826086956522,602.0489130434783,1268.3478260869565,600.2282608695652,710.1358695652174,741.1902173913044,1683.7826086956522,548.695652173913
450,365.68817204301075,424.005376344086,589.5806451612904,1234.1021505376343,595.741935483871,701.4569892473119,747.1021505376344,1657.6881720430108,548.0860215053764
451,383.36559139784947,418.0806451612903,572.0752688172043,1226.763440860215,590.8225806451613,697.3333333333334,747.4354838709677,1620.0967741935483,557.9193548387096
452,368.67914438502675,395.620320855615,580.7967914438502,1217.5026737967914,590.7326203208556,693.2459893048128,718.096256684492,1602.385026737968,530.3262032085562
453,358.5080213903743,389.39572192513367,600.1711229946524,1214.2513368983957,593.1390374331551,700.187165775401,681.5935828877006,1590.7914438502673,526.6417112299465
454,343.21276595744683,406.1329787234043,600.5691489361702,1185.1010638297873,603.5478723404256,732.7765957446809,676.3776595744681,1576.4946808510638,549.031914893617
455,331.0691489361702,387.1914893617021,576.8882978723404,1166.1755319148936,615.7606382978723,769.2393617021277,689.313829787234,1579.7925531914893,560.4148936170212
456,315.97354497354496,380.55026455026456,559.9312169312169,1158.095238095238,619.1693121693122,781.1746031746031,704.978835978836,1608.5925925925926,578.6243386243386
457,323.3915343915344,375.58730158730157,559.6296296296297,1184.7989417989418,622.5978835978837,792.074074074074,721.6243386243386,1634.037037037037,587.058201058201
458,317.24867724867727,376.7142857142857,562.1375661375662,1226.5608465608466,640.8359788359788,800.3492063492064,725.6613756613757,1648.0582010582011,583.1375661375662
459,320.5684210526316,348.2315789473684,560.5473684210526,1218.4789473684211,674.7052631578947,797.7368421052631,696.7842105263157,1687.6052631578948,564.3157894736842
460,324.2,337.34736842105264,559.8684210526316,1172.0578947368422,702.3315789473684,784.4631578947368,658.2684210526315,1752.1421052631579,552.0842105263158
461,326.3455497382199,337.9895287958115,567.062827225131,1127.6387434554974,703.0157068062828,780.3455497382199,643.717277486911,1775.8638743455497,553.0890052356021
462,328.4607329842932,350.0,578.6910994764398,1108.3246073298428,690.2303664921466,773.8638743455498,655.979057591623,1760.219895287958,559.9109947643979
463,334.25,354.359375,591.6875,1117.65625,703.25,782.125,665.09375,1703.4947916666667,569.6822916666666
464,348.4427083333333,348.7708333333333,614.7552083333334,1163.6458333333333,727.0208333333334,805.28125,648.140625,1672.8229166666667,587.5052083333334
465,349.7708333333333,356.8489583333333,620.4322916666666,1246.03125,734.921875,831.6510416666666,649.140625,1642.1197916666667,610.0885416666666
466,334.0572916666667,364.578125,605.5,1292.765625,723.3802083333334,865.6041666666666,631.15625,1658.53125,600.5989583333334
467,324.81865284974094,354.6476683937824,612.6735751295337,1299.7461139896373,723.1139896373057,867.6476683937824,635.7046632124352,1713.8082901554403,587.860103626943
468,335.0621761658031,348.6165803108808,624.259067357513,1309.4922279792745,748.8756476683938,839.2953367875648,649.6683937823834,1744.0984455958549,565.9533678756477
469,350.95854922279796,356.7823834196891,625.1139896373057,1335.3367875647668,777.6424870466321,817.0518134715026,661.1450777202073,1755.9844559585492,563.901554404145
470,358.5103092783505,356.9072164948454,611.9639175257732,1326.3041237113403,799.0360824742268,847.7628865979382,666.4587628865979,1736.9123711340205,569.2680412371134
471,349.680412371134,357.8556701030928,606.8659793814433,1292.5360824742268,808.4845360824743,866.0515463917526,652.7525773195877,1724.639175257732,575.4690721649484
472,370.98974358974357,342.36410256410255,602.6205128205128,1263.446153846154,822.2871794871795,877.2051282051282,616.1435897435897,1712.876923076923,582.6769230769231
473,372.33505154639175,327.3298969072165,596.5412371134021,1231.7938144329896,857.7783505154639,879.9175257731958,615.9020618556701,1746.221649484536,596.0051546391752
474,413.05641025641023,333.6923076923077,590.5692307692308,1213.7435897435898,871.5333333333333,888.7846153846153,645.2871794871795,1784.4307692307693,611.974358974359
475,475.7230769230769,332.6,589.4871794871794,1226.4358974358975,891.7333333333333,910.1692307692308,647.2871794871795,1795.246153846154,604.574358974359
476,458.12820512820514,332.7641025641026,602.7076923076924,1231.3076923076924,907.5641025641025,900.7282051282051,625.025641025641,1768.4820512820513,598.3435897435897
477,413.64102564102564,339.6461538461538,634.9846153846154,1224.5435897435898,921.251282051282,892.6307692307693,603.1128205128205,1761.0666666666666,602.0153846153846
478,390.0979381443299,347.16494845360825,660.7010309278351,1235.9381443298969,943.0051546391752,907.2525773195877,584.680412371134,1796.1907216494844,607.3505154639175
479,386.4896907216495,360.4845360824742,666.0721649484536,1264.5773195876288,974.0567010309278,936.4484536082474,561.3659793814433,1803.139175257732,591.4123711340206
480,396.3333333333333,361.3948717948718,661.3435897435897,1325.3282051282051,985.5282051282052,949.0769230769231,570.0,1770.820512820513,594.0564102564102
481,400.3282051282051,338.14358974358976,674.1846153846154,1376.748717948718,978.1794871794872,941.7589743589743,591.2564102564103,1755.3641025641025,577.6153846153846
482,387.9744897959184,328.2244897959184,718.2704081632653,1395.7142857142858,951.8061224489796,935.1275510204082,566.0102040816327,1791.3520408163265,562.2142857142857
483,387.94897959183675,334.3316326530612,748.0765306122449,1347.3214285714287,924.795918367347,944.4183673469388,547.6173469387755,1856.3877551020407,558.545918367347
484,386.7295918367347,329.94897959183675,714.5102040816327,1319.561224489796,919.2397959183673,969.719387755102,539.8622448979592,1922.1479591836735,550.030612244898
485,402.4744897959184,345.2857142857143,689.7448979591836,1292.515306122449,940.4489795918367,1006.1122448979592,530.7448979591836,1921.6938775510205,545.795918367347
486,420.26020408163265,345.31632653061223,683.3928571428571,1264.4897959183672,966.8214285714286,1064.8877551020407,529.9081632653061,1856.7755102040817,517.3265306122449
487,386.1472081218274,342.51776649746193,687.3756345177665,1269.3654822335025,953.1319796954315,1096.7055837563453,528.1979695431472,1825.1725888324872,547.8781725888325
488,400.79187817258884,349.01015228426394,689.5431472081218,1311.2131979695432,933.0507614213197,1106.9441624365481,519.5076142131979,1863.1065989847716,548.4365482233502
489,384.56060606060606,340.17676767676767,690.5252525252525,1358.2424242424242,928.939393939394,1129.0151515151515,516.0353535353536,1904.959595959596,557.8535353535353
490,398.9343434343434,338.7070707070707,703.6868686868687,1383.2222222222222,919.7676767676768,1114.9949494949494,530.0959595959596,1939.8838383838383,564.6161616161617
491,410.7171717171717,336.8686868686869,726.5909090909091,1351.7777777777778,902.1515151515151,1099.8333333333333,536.540404040404,1946.2777777777778,564.7474747474747
492,397.67676767676767,335.67676767676767,756.6060606060606,1301.5454545454545,890.070707070707,1095.7373737373737,529.4949494949495,1930.449494949495,569.6363636363636
493,402.7171717171717,343.76262626262627,792.3434343434343,1286.7474747474748,888.0555555555555,1101.1262626262626,520.2979797979798,1906.4343434343434,576.1161616161617
494,432.2323232323232,344.4848484848485,808.3181818181819,1276.3939393939395,899.7020202020202,1106.9141414141413,502.93939393939394,1883.5707070707072,571.7626262626262
495,450.67171717171715,340.67171717171715,792.4747474747475,1237.9545454545455,905.8686868686868,1098.5757575757575,494.6010101010101,1828.2828282828282,560.959595959596
496,456.0656565656566,346.47474747474746,778.1666666666666,1222.3434343434344,890.1111111111111,1090.3686868686868,479.5656565656566,1759.358585858586,554.6565656565657
497,487.8888888888889,343.33838383838383,750.540404040404,1232.030303030303,874.7272727272727,1097.7474747474748,464.33838383838383,1724.0555555555557,560.6919191919192
498,537.7055837563452,336.75126903553297,734.0456852791879,1244.4111675126903,860.6903553299493,1127.5989847715737,453.38071065989845,1723.8730964467004,567.4923857868021
499,488.2878787878788,334.27777777777777,731.7272727272727,1278.5757575757575,844.1717171717172,1164.1565656565656,434.34343434343435,1747.4949494949494,570.2424242424242
500,433.994923857868,333.7715736040609,713.6345177664974,1323.5532994923858,828.994923857868,1185.6040609137056,421.8172588832487,1775.3248730964467,569.6649746192893
501,390.010101010101,329.54545454545456,703.040404040404,1312.141414141414,801.3787878787879,1191.3232323232323,430.0353535353535,1769.621212121212,546.0959595959596
502,383.2713567839196,330.96984924623115,721.0653266331658,1260.4170854271356,775.0452261306533,1188.2663316582914,437.7386934673367,1748.0050251256282,529.1557788944724
503,407.1457286432161,338.06532663316585,748.7386934673367,1201.4221105527638,756.1909547738693,1183.0201005025126,431.59798994974875,1751.2914572864322,532.0150753768844
504,426.6683417085427,341.5929648241206,771.5778894472362,1160.5829145728644,741.0100502512563,1181.6984924623116,421.0,1742.2462311557788,546.9396984924623
505,421.8894472361809,341.4221105527638,766.4673366834171,1131.78391959799,717.0402010050251,1161.0452261306532,415.4472361809045,1709.2462311557788,571.9045226130653
506,399.56281407035175,335.95477386934675,748.8592964824121,1112.5527638190954,700.6381909547739,1125.7286432160804,405.1256281407035,1685.6532663316582,581.6733668341709
507,408.29145728643215,333.33668341708545,743.4924623115578,1128.356783919598,696.2361809045226,1096.140703517588,386.7386934673367,1670.6532663316582,580.2814070351759
508,411.0753768844221,328.99497487437185,753.6733668341709,1168.608040201005,699.3718592964824,1078.8040201005026,372.0753768844221,1655.391959798995,581.0201005025126
509,400.321608040201,332.04522613065325,757.6934673366834,1184.824120603015,697.4824120603015,1059.4221105527638,366.8793969849246,1640.9346733668342,595.5025125628141
510,400.91959798994975,329.3316582914573,740.8291457286432,1157.7788944723618,693.3165829145729,1064.748743718593,366.57286432160805,1612.4371859296482,598.2211055276382
511,402.16582914572865,326.95979899497485,736.1557788944724,1121.8492462311558,700.9748743718593,1074.859296482412,366.13065326633165,1550.6381909547738,579.5979899497487
512,394.4070351758794,332.7638190954774,771.7889447236181,1117.8994974874372,714.9447236180905,1084.0150753768844,367.5175879396985,1487.9195979899498,565.1206030150754
513,390.275,327.345,814.235,1123.465,719.31,1132.94,374.18,1483.625,584.86
514,376.0149253731343,335.4228855721393,822.0696517412936,1092.1243781094527,733.0497512437811,1158.6467661691543,374.23880597014926,1479.8308457711444,609.5621890547263
515,388.8059701492537,336.14925373134326,810.2835820895523,1057.8258706467661,753.5223880597015,1165.9900497512438,373.44278606965173,1450.0099502487562,606.7313432835821
516,392.2139303482587,334.14925373134326,804.9253731343283,1029.5323383084576,756.3482587064676,1154.4776119402984,376.02985074626866,1415.7014925373135,599.7960199004975
517,394.2437810945274,330.318407960199,791.3532338308457,1030.8457711442786,747.776119402985,1129.4328358208954,381.4029850746269,1397.5820895522388,601.2288557213931
518,388.32835820895525,337.0,774.0199004975125,1038.8308457711444,741.0497512437811,1140.7164179104477,381.11442786069654,1375.7562189054727,610.3283582089553
519,375.30845771144277,340.97512437810946,751.2985074626865,1021.0248756218906,751.9701492537314,1126.4626865671642,372.1741293532338,1353.1044776119404,594.9253731343283
520,359.9207920792079,336.25742574257424,740.1188118811881,977.4455445544554,784.460396039604,1124.1435643564357,356.65841584158414,1347.579207920792,609.5247524752475
521,351.1188118811881,338.36138613861385,739.9158415841584,951.9059405940594,785.0,1128.529702970297,345.56435643564356,1345.029702970297,625.3415841584158
522,368.185,336.035,728.48,961.235,781.035,1134.55,345.05,1325.81,610.775
523,370.81094527363183,337.18407960199005,712.6318407960199,981.0746268656717,787.820895522388,1146.0646766169154,348.5721393034826,1287.3830845771145,601.8905472636816
524,362.2686567164179,331.5124378109453,725.6766169154229,1006.5870646766169,794.7164179104477,1186.0945273631842,352.99004975124376,1266.0995024875622,612.3134328358209
525,363.66831683168317,330.029702970297,760.3168316831683,1029.3910891089108,816.6534653465346,1202.0594059405942,361.24257425742576,1261.5445544554455,586.2920792079208
526,378.6268656716418,334.34328358208955,792.5273631840796,1042.1492537313434,824.4477611940298,1208.1641791044776,367.4029850746269,1274.8606965174129,600.7363184079602
527,386.0,337.1592039800995,798.3681592039801,1025.1243781094527,834.5273631840796,1215.6666666666667,363.92039800995025,1287.407960199005,601.2039800995025
528,387.82758620689657,340.4088669950739,791.9852216748768,998.615763546798,864.7931034482758,1237.7536945812808,363.5615763546798,1277.1477832512314,597.1428571428571
529,403.27093596059115,336.9113300492611,768.7044334975369,1024.423645320197,897.7487684729064,1249.3743842364531,358.39408866995075,1247.3054187192117,600.9014778325123
530,403.0541871921182,337.18226600985224,744.4334975369458,1093.8275862068965,930.6108374384237,1224.4679802955666,345.0295566502463,1210.1083743842364,612.4532019704434
531,371.3970588235294,342.80882352941177,725.2794117647059,1102.8039215686274,960.4019607843137,1225.1813725490197,341.6666666666667,1185.4705882352941,620.9509803921569
532,347.67317073170733,337.5658536585366,704.9024390243902,1062.1317073170733,978.8975609756097,1261.3365853658536,342.8829268292683,1176.0536585365853,614.4878048780488
533,345.7170731707317,338.9609756097561,701.5804878048781,1049.3024390243902,1018.2048780487805,1287.8829268292684,344.1951219512195,1167.3804878048782,605.5804878048781
534,353.0487804878049,340.7609756097561,715.5658536585366,1039.2487804878049,1072.629268292683,1289.1268292682928,352.70243902439023,1167.180487804878,598.4975609756098
535,345.0194174757282,337.7330097087379,728.2281553398059,1009.7233009708738,1137.7378640776699,1298.3495145631068,360.56796116504853,1168.2087378640776,601.2087378640776
536,353.94685990338166,333.3188405797101,739.0917874396135,991.9130434782609,1177.9371980676328,1305.2850241545893,359.8309178743961,1171.7342995169083,607.1739130434783
537,357.2463768115942,343.9855072463768,754.8115942028985,971.1835748792271,1191.2608695652175,1315.270531400966,355.32850241545896,1172.0579710144928,596.9227053140097
538,377.7536231884058,346.97584541062804,771.6183574879227,956.43961352657,1212.3381642512077,1312.8840579710145,356.57487922705315,1164.4927536231885,596.1062801932367
539,415.50717703349284,345.57894736842104,786.5885167464115,950.4306220095693,1225.4641148325359,1293.8086124401914,360.7224880382775,1150.0334928229665,633.4019138755981
540,413.2105263157895,346.14832535885165,803.0287081339712,958.2344497607655,1224.1674641148325,1285.2392344497607,358.7894736842105,1130.0765550239234,637.334928229665
541,380.0238095238095,342.65238095238095,818.0428571428571,958.9,1223.9571428571428,1303.1714285714286,361.4904761904762,1104.6571428571428,648.2190476190476
542,368.5904761904762,341.37619047619046,827.8285714285714,955.6047619047619,1247.2380952380952,1318.095238095238,360.87619047619046,1089.5238095238096,641.5095238095238
543,384.3904761904762,341.31904761904764,813.2619047619048,951.1333333333333,1277.847619047619,1322.0380952380951,352.12380952380954,1049.0333333333333,640.1142857142858
544,392.68095238095236,343.77142857142854,764.6809523809524,937.7380952380952,1301.0238095238096,1314.7380952380952,347.43333333333334,1005.8571428571429,664.9619047619047
545,381.4407582938389,353.98104265402844,739.8767772511849,904.1516587677725,1319.824644549763,1311.4218009478673,347.5781990521327,996.2890995260664,659.1658767772511
546,393.4858490566038,351.85849056603774,744.8537735849056,904.6650943396227,1315.7358490566037,1311.448113207547,347.5330188679245,990.8584905660377,660.561320754717
547,401.79245283018867,351.4056603773585,765.9056603773585,916.438679245283,1291.9245283018868,1314.3254716981132,343.311320754717,973.9103773584906,683.8679245283018
548,433.4056603773585,359.45754716981133,776.3867924528302,901.2830188679245,1280.183962264151,1306.1462264150944,338.6933962264151,954.1462264150944,707.3207547169811
549,389.1792452830189,348.58490566037733,754.7924528301887,875.2594339622641,1280.198113207547,1303.5188679245282,336.62735849056605,930.1179245283018,698.1320754716982
550,362.6619718309859,359.65727699530515,738.7464788732394,867.4647887323944,1285.1455399061033,1310.3661971830986,334.3568075117371,901.4835680751173,675.8779342723004
551,362.39150943396226,347.83962264150944,731.2216981132076,880.0754716981132,1282.9056603773586,1296.7405660377358,333.188679245283,884.6367924528302,662.2122641509434
552,358.1643192488263,352.39906103286387,726.3943661971831,879.8450704225352,1275.1220657276995,1282.8028169014085,336.76525821596243,885.1408450704225,676.5586854460093
553,357.28504672897196,337.9626168224299,726.4626168224299,857.0280373831775,1276.4065420560748,1276.8364485981308,343.44392523364485,887.4859813084112,720.1495327102804
554,351.22429906542055,332.7803738317757,722.5420560747664,830.5327102803739,1265.911214953271,1265.1542056074766,344.05607476635515,879.3971962616822,749.6308411214953
555,344.05164319248826,335.2910798122066,713.906103286385,817.1971830985915,1257.530516431925,1272.9718309859154,342.7511737089202,870.962441314554,765.9107981220657
556,356.8785046728972,338.9766355140187,698.9485981308411,820.5467289719626,1268.252336448598,1281.0420560747664,344.9065420560748,863.8364485981308,787.2383177570093
557,366.39719626168227,344.8411214953271,682.1495327102804,837.2990654205607,1267.766355140187,1291.677570093458,341.92056074766356,854.9532710280374,797.0373831775701
558,371.5514018691589,347.79906542056074,666.5420560747664,836.981308411215,1254.228971962617,1301.5514018691588,331.6869158878505,832.6168224299065,781.5841121495328
559,381.3287037037037,345.2916666666667,658.3796296296297,813.9305555555555,1263.4444444444443,1304.7777777777778,321.68055555555554,808.7685185185185,789.0787037037037
560,378.2916666666667,347.00925925925924,672.5138888888889,790.7314814814815,1260.7453703703704,1305.476851851852,315.99074074074076,807.5462962962963,803.5370370370371
561,366.05069124423966,350.16129032258067,707.1705069124424,801.63133640553,1243.479262672811,1321.442396313364,314.2442396313364,796.2995391705069,819.9861751152074
562,349.36866359447004,336.61290322580646,748.1198156682028,835.9677419354839,1255.3410138248848,1334.1566820276498,320.2304147465438,779.6359447004609,856.3410138248848
563,349.88018433179724,334.2534562211982,719.8709677419355,867.36866359447,1265.1658986175116,1338.8387096774193,324.57603686635946,758.815668202765,881.7649769585254
564,346.5,339.11009174311926,664.3119266055046,891.7201834862385,1238.6743119266055,1349.7706422018348,332.5183486238532,757.6788990825688,869.0137614678899
565,353.91324200913243,330.0,630.7945205479452,891.7534246575342,1238.9223744292237,1302.867579908676,333.54794520547944,778.9954337899543,850.4155251141552
566,352.12785388127855,339.26940639269407,639.730593607306,883.2191780821918,1248.3881278538813,1307.37899543379,322.36986301369865,801.5799086757991,842.730593607306
567,341.0913242009132,346.8675799086758,661.3059360730593,886.5981735159818,1247.3470319634703,1316.867579908676,309.8675799086758,815.8675799086758,839.1689497716895
568,337.675799086758,339.94520547945206,662.5433789954338,890.1598173515981,1238.1780821917807,1317.3150684931506,305.7990867579909,825.5616438356165,861.0228310502283
569,339.5596330275229,343.60550458715596,648.894495412844,894.1238532110092,1213.9036697247707,1340.6238532110092,307.86238532110093,828.5275229357799,870.4908256880734
570,378.4633027522936,347.51376146788994,637.6100917431193,884.0504587155963,1181.0825688073394,1359.0045871559632,308.70183486238534,826.3990825688073,879.5825688073395
571,383.90410958904107,338.49771689497715,635.6986301369863,870.8401826484019,1140.890410958904,1366.8401826484019,308.5570776255708,840.4657534246576,888.9634703196347
572,362.82648401826486,334.0228310502283,644.7442922374429,866.5433789954338,1108.7077625570776,1369.5114155251142,313.46118721461187,838.6301369863014,917.4474885844749
573,349.1232876712329,333.99543378995435,656.9589041095891,842.8812785388128,1077.5890410958905,1360.4018264840183,318.027397260274,815.0410958904109,948.7945205479452
574,344.5863636363636,328.8954545454545,674.8136363636364,817.540909090909,1064.7227272727273,1363.4727272727273,309.27272727272725,782.6909090909091,945.2818181818182
575,333.0954545454546,322.5318181818182,685.4,804.3590909090909,1076.15,1374.9636363636364,310.55,769.9818181818182,930.0636363636364
576,314.8454545454546,316.9,651.7136363636364,836.8454545454546,1077.4,1388.4,309.6409090909091,764.7863636363636,921.95
577,317.75113122171945,313.80542986425337,614.1719457013575,892.10407239819,1090.2760180995474,1384.5475113122172,307.80542986425337,740.1719457013575,919.0407239819004
578,338.71363636363634,324.47727272727275,581.5909090909091,948.8545454545455,1073.5363636363636,1386.2227272727273,307.7772727272727,710.6954545454546,926.9727272727273
579,344.28506787330315,313.3031674208145,584.2081447963801,950.6968325791855,1035.6018099547512,1394.2579185520362,309.2126696832579,715.0950226244344,912.1900452488687
580,337.18552036199094,321.73755656108597,587.4570135746607,923.2986425339367,1012.8642533936652,1409.7963800904977,309.8868778280543,740.3031674208145,902.0588235294117
581,351.7873303167421,302.81447963800906,597.0814479638009,918.8009049773756,988.841628959276,1432.6380090497737,307.3438914027149,752.0950226244344,923.5113122171946
582,327.2081447963801,308.90497737556564,599.6606334841629,925.131221719457,966.7013574660633,1464.633484162896,303.43891402714934,755.7285067873303,934.9502262443439
583,325.34841628959276,316.4841628959276,600.6289592760181,935.3710407239819,950.0180995475113,1495.9909502262444,299.14932126696834,759.4117647058823,934.7285067873303
584,300.21719457013575,322.1900452488688,619.7873303167421,933.2986425339367,951.6606334841629,1502.8054298642535,301.67420814479635,758.710407239819,942.5339366515838
585,313.4886877828054,329.07239819004525,640.1764705882352,911.6742081447964,954.579185520362,1484.0090497737556,304.4027149321267,758.289592760181,952.10407239819
586,309.33031674208144,326.2081447963801,636.1493212669683,913.8235294117648,946.3574660633484,1480.027149321267,303.26244343891403,767.5339366515838,968.0723981900453
587,301.6561085972851,324.79638009049773,617.710407239819,946.737556561086,938.5972850678733,1487.0950226244345,302.90497737556564,764.5565610859728,975.6018099547512
588,302.6334841628959,326.0995475113122,602.8778280542987,977.3665158371041,922.2307692307693,1515.2533936651585,299.2217194570136,767.0452488687782,972.9638009049773
589,308.70135746606337,330.9095022624434,580.1900452488687,970.7873303167421,894.6153846153846,1535.1447963800906,290.99547511312215,752.8371040723982,956.4389140271493
590,307.5565610859729,332.5882352941176,561.4389140271493,986.6606334841629,879.8235294117648,1547.3619909502263,294.7556561085973,715.6923076923077,941.5972850678733
591,297.6711711711712,324.34684684684686,564.2792792792793,1012.6441441441441,862.8603603603603,1557.2522522522522,303.0405405405405,708.1396396396397,921.6846846846847
592,300.3076923076923,323.7466063348416,585.9095022624434,1038.1628959276018,851.9457013574661,1584.868778280543,305.10407239819006,732.9954751131222,909.9366515837104
593,307.7556561085973,322.8099547511312,613.9230769230769,1032.6380090497737,856.1402714932127,1610.6742081447965,311.2081447963801,736.8371040723982,900.2262443438914
594,313.5882352941176,314.3348416289593,607.5248868778281,1026.1085972850678,861.6968325791855,1641.3755656108597,309.31674208144796,733.5837104072398,881.262443438914
595,315.8873873873874,318.47747747747746,598.0675675675676,1025.7522522522522,853.7072072072073,1667.7522522522522,307.34234234234236,725.0765765765766,868.2387387387388
596,323.2307692307692,319.33031674208144,594.0497737556561,1036.5837104072398,851.9909502262443,1652.4027149321266,306.158371040724,712.420814479638,872.0814479638009
597,314.3243243243243,312.60360360360363,603.3018018018018,1016.8963963963964,835.0,1609.5765765765766,307.8693693693694,713.2297297297297,880.6126126126126
598,320.8693693693694,321.07207207207205,598.5450450450451,984.918918918919,802.2882882882883,1596.4324324324325,309.7567567567568,723.4099099099099,863.4099099099099
599,312.86486486486484,315.536036036036,581.4009009009009,961.7747747747748,785.0225225225225,1617.5315315315315,304.7072072072072,715.5585585585585,892.0045045045046
600,329.1711711711712,312.8693693693694,573.436936936937,937.7162162162163,774.0225225225225,1654.5135135135135,297.97747747747746,696.9504504504505,869.0495495495495
601,346.2882882882883,313.2432432432432,579.9774774774775,912.1486486486486,756.6486486486486,1671.8333333333333,292.6756756756757,691.7702702702703,826.490990990991
602,342.3288288288288,311.73423423423424,592.3693693693693,881.2387387387388,749.3198198198198,1656.099099099099,289.77027027027026,695.4864864864865,803.7567567567568
603,333.4594594594595,307.490990990991,597.2567567567568,839.1531531531532,760.7927927927927,1651.5045045045044,291.23423423423424,685.1711711711712,803.6216216216217
604,331.64864864864865,310.7882882882883,589.009009009009,789.5990990990991,775.9054054054054,1653.4594594594594,295.4684684684685,663.8108108108108,794.3828828828829
605,331.6081081081081,306.2522522522523,574.1081081081081,756.9054054054054,780.509009009009,1663.1036036036037,297.6981981981982,656.8963963963964,785.7522522522522
606,325.7927927927928,299.8738738738739,572.1171171171171,759.5,770.1441441441441,1697.7342342342342,299.0765765765766,672.4324324324324,827.8603603603603
607,316.18918918918916,306.4594594594595,572.6531531531532,782.8783783783783,773.9099099099099,1731.6936936936936,296.22072072072075,672.1576576576576,812.6171171171171
608,313.56756756756755,309.63513513513516,584.5045045045046,811.2747747747748,771.4234234234234,1737.1531531531532,294.2522522522523,649.5,805.7117117117117
609,328.4549549549549,310.5135135135135,593.2657657657658,820.7657657657658,761.6171171171171,1770.162162162162,294.98198198198196,638.9549549549549,818.6981981981982
610,340.036036036036,312.77477477477476,595.4954954954954,838.3828828828829,765.4144144144144,1787.3333333333333,296.05405405405406,640.9774774774775,804.1891891891892
611,366.6306306306306,312.15765765765764,591.918918918919,849.472972972973,769.8783783783783,1815.3918918918919,299.3198198198198,650.8468468468468,749.8333333333334
612,388.02702702702703,316.8198198198198,587.1306306306307,832.7477477477478,774.3108108108108,1835.509009009009,303.05855855855856,665.1891891891892,744.0360360360361
613,359.51801801801804,313.47747747747746,594.0990990990991,840.2207207207207,772.518018018018,1882.463963963964,305.1756756756757,671.509009009009,770.2162162162163
614,347.95982142857144,312.94642857142856,593.2276785714286,864.9464285714286,767.1473214285714,1911.6785714285713,306.78125,661.875,767.7142857142857
615,358.1205357142857,312.74107142857144,588.9375,864.21875,762.8883928571429,1946.6651785714287,307.10267857142856,643.5892857142857,752.8080357142857
616,382.78026905829597,312.7309417040359,600.0448430493274,836.4125560538116,765.8071748878924,1956.3228699551569,303.67713004484307,633.9103139013453,743.3587443946188
617,392.7309417040359,313.0224215246637,625.6367713004485,804.8116591928251,770.0448430493274,1980.780269058296,301.68609865470853,641.9910313901345,716.6995515695068
618,386.95515695067263,307.2645739910314,650.8609865470852,785.2017937219731,767.0269058295964,2012.7713004484306,306.00448430493276,647.103139013453,689.8430493273543
619,375.6547085201794,310.5470852017937,660.6278026905829,779.2331838565023,762.5381165919282,2026.9551569506727,309.31390134529147,652.2017937219731,705.0269058295964
620,378.94618834080717,315.1793721973094,662.1793721973094,771.1255605381166,766.6905829596412,2041.9013452914799,305.2645739910314,657.8654708520179,732.1255605381166
621,381.6322869955157,310.06726457399105,665.847533632287,743.6816143497758,756.1748878923767,2048.677130044843,301.3408071748879,654.322869955157,741.286995515695
622,369.1031390134529,306.7488789237668,666.3139013452915,703.8565022421525,730.3811659192825,2011.7085201793723,300.9775784753363,642.9013452914799,736.9910313901345
623,359.8340807174888,310.82511210762334,663.8744394618834,676.8654708520179,722.9417040358744,2004.0582959641256,298.99103139013454,636.5829596412556,731.4798206278027
624,366.8385650224215,314.3811659192825,666.4215246636771,691.2107623318385,731.5919282511211,2015.627802690583,296.2286995515695,637.0717488789238,709.7399103139013
625,380.45535714285717,321.34375,669.40625,736.7321428571429,724.8258928571429,2018.25,296.9642857142857,633.5133928571429,678.9955357142857
626,384.04017857142856,311.0669642857143,658.9955357142857,762.1785714285714,726.3705357142857,2020.3705357142858,299.2857142857143,626.5580357142857,701.3571428571429
627,421.3377777777778,308.48,638.9155555555556,765.0755555555555,741.2444444444444,2024.2622222222221,300.64,610.7244444444444,706.6711111111111
628,408.48,310.05333333333334,623.7111111111111,776.8044444444445,737.3644444444444,2025.608888888889,300.81333333333333,598.2888888888889,694.6
629,411.29910714285717,318.5267857142857,632.6116071428571,792.0580357142857,728.1785714285714,2029.5982142857142,300.95535714285717,600.8660714285714,688.9642857142857
630,464.48660714285717,314.0625,657.4151785714286,811.7321428571429,714.8526785714286,2020.6651785714287,301.38839285714283,608.6517857142857,674.7857142857143
631,471.67857142857144,315.61607142857144,675.6473214285714,807.9821428571429,735.7276785714286,2001.7589285714287,300.3169642857143,605.8035714285714,660.0892857142857
632,455.92,319.3911111111111,678.5333333333333,770.2977777777778,772.8355555555555,2002.3333333333333,298.3777777777778,595.4666666666667,653.3822222222223
633,416.15555555555557,309.58222222222224,670.6622222222222,734.5866666666667,791.5155555555556,2046.0177777777778,300.25333333333333,588.64,648.4311111111111
634,382.2433628318584,310.67699115044246,667.4557522123894,717.1725663716815,805.9690265486726,2094.765486725664,304.89823008849555,577.1150442477876,652.7699115044247
635,380.2654867256637,305.8185840707965,683.5221238938053,702.8982300884956,824.429203539823,2118.70796460177,305.7079646017699,555.0973451327434,655.858407079646
636,381.4778761061947,300.76106194690266,707.4823008849557,669.1504424778761,835.0973451327434,2135.721238938053,303.2300884955752,529.1814159292036,644.7699115044247
637,374.48458149779736,299.9030837004405,725.2599118942732,628.7929515418502,838.2863436123348,2151.6211453744495,302.6828193832599,519.5506607929516,633.352422907489
638,388.17105263157896,297.2236842105263,750.7456140350877,598.1359649122807,836.7412280701755,2161.811403508772,299.4342105263158,520.5131578947369,605.5219298245614
639,413.57894736842104,299.0570175438597,760.0877192982456,579.3815789473684,833.390350877193,2169.657894736842,296.32894736842104,527.2982456140351,612.9473684210526
640,409.37719298245617,302.890350877193,752.6929824561404,582.8070175438596,850.0394736842105,2159.8377192982457,302.609649122807,528.7061403508771,610.969298245614
641,401.11353711790395,301.16157205240177,741.3799126637555,582.7205240174673,886.8864628820961,2137.681222707424,308.17903930131007,510.2401746724891,628.2576419213974
642,391.9519650655022,307.2707423580786,743.6113537117903,560.0480349344978,915.061135371179,2127.353711790393,305.0349344978166,483.87336244541484,629.7860262008734
643,387.07423580786025,307.0174672489083,761.4366812227074,534.9301310043668,927.2052401746724,2159.3711790393013,301.0524017467249,467.1397379912664,618.1572052401747
644,437.0524017467249,311.9912663755459,786.1266375545852,528.4148471615721,934.0524017467249,2205.8951965065503,300.73362445414847,460.0087336244541,623.6026200873363
645,406.5304347826087,311.19565217391306,814.7260869565217,532.5739130434782,938.2260869565217,2220.186956521739,300.7391304347826,456.5,633.491304347826
646,379.8961038961039,305.28138528138527,830.1731601731602,536.060606060606,935.8744588744589,2211.4155844155844,302.0692640692641,453.20346320346323,639.008658008658
647,392.43290043290045,314.2164502164502,814.4155844155844,536.5194805194806,929.1168831168832,2195.95670995671,308.35930735930737,453.3030303030303,639.6536796536797
648,421.06060606060606,307.6623376623377,796.3116883116883,527.5497835497836,927.1212121212121,2172.8311688311687,313.2294372294372,448.75324675324674,642.969696969697
649,451.45887445887445,313.90909090909093,820.5844155844156,513.3636363636364,929.2424242424242,2189.08658008658,311.1168831168831,438.8484848484849,627.2554112554112
650,454.4155844155844,318.71861471861473,868.5281385281386,512.2727272727273,941.5800865800866,2239.6363636363635,310.94372294372295,427.98268398268397,609.3376623376623
651,436.7391304347826,323.6347826086957,901.3086956521739,531.3652173913043,967.6347826086957,2253.134782608696,313.32173913043476,415.54782608695655,610.5478260869565
652,430.1,334.3652173913043,913.5217391304348,553.991304347826,996.0652173913044,2247.6304347826085,319.4869565217391,415.8086956521739,649.8217391304348
653,449.2869565217391,334.9304347826087,900.4608695652174,570.8086956521739,1020.5565217391304,2272.6608695652176,322.32608695652175,424.53913043478263,656.6869565217391
654,450.995652173913,323.2739130434783,880.5173913043478,571.7565217391304,1029.6565217391305,2280.104347826087,314.3695652173913,421.25217391304346,643.091304347826
655,424.46521739130435,318.0913043478261,881.3173913043478,555.1,1036.1782608695653,2222.6391304347826,312.0173913043478,404.33478260869566,644.6782608695652
656,427.3930131004367,321.94323144104806,933.2532751091703,553.4061135371179,1039.0917030567687,2192.64192139738,314.89519650655023,394.65065502183404,665.528384279476
657,439.4366812227074,331.9650655021834,929.8078602620087,560.3056768558952,1061.8602620087336,2177.711790393013,319.49781659388645,378.69868995633186,673.4890829694323
658,522.117903930131,325.8471615720524,905.0829694323144,548.3842794759826,1063.1615720524017,2188.004366812227,317.7816593886463,364.1572052401747,645.7423580786026
659,590.8733624454148,316.92576419213975,917.8646288209607,523.0655021834061,1048.9606986899564,2240.934497816594,315.117903930131,359.7991266375546,636.768558951965
660,572.2139737991266,322.09606986899564,956.3056768558952,508.12663755458516,1068.8034934497816,2303.5414847161574,313.5764192139738,358.4192139737991,630.3449781659389
661,561.530701754386,318.32894736842104,970.578947368421,500.2675438596491,1109.7719298245613,2325.7017543859647,314.2236842105263,350.2236842105263,631.3157894736842
662,505.14912280701753,323.9078947368421,970.7763157894736,481.1798245614035,1100.2894736842106,2293.9561403508774,317.82456140350877,348.62719298245617,627.2280701754386
663,489.68859649122805,320.3070175438597,977.1447368421053,461.4868421052632,1066.592105263158,2271.4429824561403,324.12280701754383,349.80263157894734,636.5657894736842
664,490.0701754385965,314.80263157894734,980.2982456140351,450.0438596491228,1064.2061403508771,2258.3201754385964,328.32894736842104,348.07456140350877,649.6973684210526
665,521.0925110132158,318.20704845814976,987.431718061674,440.3832599118943,1078.295154185022,2240.942731277533,328.73568281938327,339.18502202643174,642.4052863436124
666,529.0176991150443,315.7212389380531,989.8230088495575,435.37168141592923,1082.7389380530974,2253.150442477876,327.429203539823,320.87168141592923,653.0929203539823
667,521.0840707964602,315.32300884955754,993.787610619469,439.63274336283183,1080.1814159292035,2302.3008849557523,331.53982300884957,313.78761061946904,659.5176991150443
668,555.1504424778761,315.7787610619469,1020.8451327433628,450.88495575221236,1091.212389380531,2327.1548672566373,331.69026548672565,307.46902654867256,644.637168141593
669,557.5530973451328,314.5929203539823,1048.2566371681417,457.7654867256637,1119.5088495575221,2361.238938053097,334.6725663716814,295.5575221238938,620.5221238938053
670,500.1725663716814,314.7920353982301,1049.8230088495575,453.74778761061947,1153.5398230088495,2355.278761061947,334.04424778761063,281.4026548672566,613.0575221238938
671,468.1377777777778,316.2888888888889,1063.9955555555555,438.00444444444446,1172.2933333333333,2302.5377777777776,333.2577777777778,282.5911111111111,598.5555555555555
672,434.4488888888889,318.5155555555556,1069.888888888889,425.96,1150.128888888889,2270.137777777778,326.1066666666667,279.9244444444444,609.1555555555556
673,462.26785714285717,319.99107142857144,1075.986607142857,411.72767857142856,1135.2544642857142,2249.5223214285716,333.83482142857144,273.86160714285717,614.8705357142857
674,505.36160714285717,319.82589285714283,1085.2767857142858,405.17857142857144,1146.6205357142858,2191.316964285714,343.6830357142857,269.2232142857143,607.7857142857143
675,529.3883928571429,319.5625,1088.0848214285713,394.79910714285717,1155.6785714285713,2127.5758928571427,344.3794642857143,260.6919642857143,597.4821428571429
676,575.0089285714286,318.26339285714283,1105.638392857143,400.70982142857144,1134.607142857143,2116.526785714286,342.23214285714283,249.625,596.3660714285714
677,575.5758928571429,330.29910714285717,1137.78125,416.75,1114.236607142857,2164.2678571428573,342.33482142857144,241.39285714285714,607.7544642857143
678,526.1473214285714,327.60267857142856,1169.6875,418.70089285714283,1100.142857142857,2194.339285714286,339.20089285714283,236.64732142857142,604.1294642857143
679,518.5919282511211,327.43497757847535,1178.9282511210763,421.25560538116594,1075.6860986547085,2217.4215246636772,337.82511210762334,229.66816143497758,581.9282511210762
680,527.7477477477478,324.1306306306306,1181.1351351351352,424.27027027027026,1060.099099099099,2264.725225225225,344.9099099099099,221.82882882882882,570.5765765765766
681,536.3108108108108,331.1261261261261,1178.1396396396397,414.7072072072072,1058.4594594594594,2336.734234234234,351.9144144144144,223.06756756756758,577.7342342342342
682,561.289592760181,334.0226244343891,1182.89592760181,406.0542986425339,1056.366515837104,2376.5656108597286,351.29864253393663,224.81447963800906,601.0316742081448
683,570.4298642533937,329.3529411764706,1215.9547511312217,405.81447963800906,1058.1764705882354,2369.0678733031673,344.28054298642536,223.05882352941177,613.5746606334842
684,539.5113122171946,333.6425339366516,1247.5565610859728,408.05882352941177,1066.0633484162895,2378.343891402715,337.29411764705884,215.89140271493213,609.8868778280543
685,511.7330316742081,339.6470588235294,1262.6289592760181,415.5972850678733,1060.4705882352941,2412.470588235294,339.0904977375566,210.05882352941177,598.4796380090497
686,526.4,338.47727272727275,1289.3181818181818,415.96363636363634,1064.4818181818182,2431.9954545454543,338.4909090909091,201.97727272727272,589.8954545454545
687,551.4272727272727,337.7909090909091,1297.1454545454546,407.7318181818182,1067.5181818181818,2407.018181818182,342.8,196.54090909090908,597.4545454545455
688,552.9318181818181,330.9,1282.6954545454546,400.18636363636364,1054.5454545454545,2344.0454545454545,342.1318181818182,194.6727272727273,605.7045454545455
689,540.0954545454546,345.9909090909091,1296.4272727272728,396.4909090909091,1050.9681818181818,2291.6318181818183,346.09090909090907,198.48181818181817,611.0772727272728
690,555.0181818181818,338.48636363636365,1343.2636363636364,393.3272727272727,1047.709090909091,2288.086363636364,356.08181818181816,198.26363636363635,612.4818181818182
691,629.3363636363637,330.30454545454546,1395.6,385.82272727272726,1020.5181818181818,2281.2181818181816,363.52272727272725,193.38181818181818,619.9363636363636
692,686.1141552511416,323.47945205479454,1400.8584474885845,385.0502283105023,1001.8949771689498,2269.3835616438355,370.1506849315069,189.26940639269407,612.2283105022831
693,649.1598173515981,327.716894977169,1412.579908675799,385.28767123287673,1011.566210045662,2301.3744292237443,372.0365296803653,186.1826484018265,600.2100456621005
694,646.6803652968036,327.310502283105,1459.1415525114155,387.013698630137,1024.8082191780823,2360.4748858447488,366.324200913242,182.43835616438355,595.1324200913242
695,647.3013698630137,320.6164383561644,1490.3150684931506,395.5296803652968,1027.3744292237443,2366.0639269406392,362.5525114155251,181.2054794520548,604.0045662100457
696,661.105504587156,323.0091743119266,1482.9954128440368,402.54587155963304,1019.045871559633,2335.47247706422,362.1238532110092,181.03669724770643,616.8623853211009
697,661.5345622119816,320.1658986175115,1480.4884792626729,398.2534562211982,1000.6497695852535,2339.9769585253457,355.3225806451613,178.20276497695852,603.778801843318
698,688.3410138248848,322.70506912442397,1492.668202764977,386.926267281106,995.3179723502304,2365.1935483870966,350.8709677419355,174.27649769585253,579.5483870967741
699,681.447004608295,329.7926267281106,1515.3087557603687,378.60829493087556,1002.2350230414746,2335.557603686636,352.1981566820277,170.889400921659,576.5437788018434
700,644.1944444444445,328.86574074074076,1568.476851851852,376.02314814814815,993.9398148148148,2323.296296296296,354.77777777777777,172.7037037037037,577.6481481481482
701,593.300925925926,323.93055555555554,1629.412037037037,376.5833333333333,971.5694444444445,2270.5925925925926,360.27777777777777,171.83333333333334,577.6944444444445
702,565.0232558139535,323.71162790697673,1664.4744186046512,380.6744186046512,950.0651162790698,2218.8372093023254,359.92093023255813,163.90232558139536,571.1627906976744
703,611.8271028037383,327.30841121495325,1703.733644859813,387.5233644859813,943.6448598130842,2222.873831775701,358.18224299065423,159.3271028037383,579.9158878504672
704,691.696261682243,342.5841121495327,1726.4906542056074,388.9579439252336,958.7196261682243,2227.8271028037384,358.94392523364485,154.7289719626168,595.1869158878504
705,829.1720930232558,330.25581395348837,1748.3627906976744,381.80930232558137,965.0232558139535,2262.6837209302325,357.78139534883724,152.25581395348837,586.6372093023256
706,898.3627906976744,320.28837209302327,1767.613953488372,371.8325581395349,969.8790697674418,2261.688372093023,358.6232558139535,151.66046511627906,576.9860465116279
707,901.0140186915888,339.2570093457944,1803.4345794392523,368.0981308411215,973.107476635514,2270.5140186915887,361.21495327102804,150.25233644859813,574.2289719626168
708,799.4883720930233,329.0186046511628,1805.7674418604652,370.74418604651163,971.2744186046511,2289.693023255814,362.5674418604651,147.9953488372093,567.8697674418605
709,769.3813953488373,333.13023255813954,1767.6837209302325,372.63255813953486,963.8697674418605,2270.4651162790697,362.7674418604651,145.41860465116278,555.0976744186047
710,788.4744186046512,330.353488372093,1753.0418604651163,379.6697674418605,962.8883720930232,2245.702325581395,367.51162790697674,145.1860465116279,557.1953488372093
711,876.2407407407408,327.9166666666667,1756.0601851851852,390.22222222222223,947.4722222222222,2233.300925925926,371.0138888888889,145.96759259259258,566.5787037037037
712,878.6355140186915,332.1682242990654,1763.5934579439252,399.3457943925234,915.2476635514018,2252.341121495327,370.9672897196262,146.50934579439252,567.8551401869158
713,880.1488372093023,330.74883720930234,1790.2279069767442,405.66511627906976,881.1441860465117,2276.9441860465117,367.86976744186046,145.7906976744186,568.3023255813954
714,882.4418604651163,328.3720930232558,1836.893023255814,405.54418604651164,870.6418604651162,2289.553488372093,368.3581395348837,142.75348837209302,572.3720930232558
715,909.893023255814,332.5953488372093,1843.0046511627907,393.2139534883721,886.413953488372,2306.5441860465116,369.6790697674419,140.56279069767442,582.0232558139535
716,902.353488372093,340.3720930232558,1817.846511627907,380.0325581395349,906.2372093023256,2305.0837209302326,368.2604651162791,139.72093023255815,593.5674418604651
717,857.939534883721,339.21860465116276,1827.9348837209302,377.3813953488372,901.1720930232558,2287.9302325581393,366.86046511627904,138.52558139534884,593.1209302325582
718,837.2196261682243,328.9299065420561,1878.088785046729,383.76635514018693,887.3504672897196,2265.9719626168226,370.1121495327103,137.63084112149534,581.3504672897196
719,774.0514018691589,327.30841121495325,1911.177570093458,382.2570093457944,874.9579439252336,2272.126168224299,374.69158878504675,138.31308411214954,550.4579439252336
720,705.1214953271028,340.50467289719626,1906.9906542056074,377.0,858.7476635514018,2270.042056074766,375.7196261682243,136.03271028037383,540.8878504672897
721,718.2710280373832,335.3224299065421,1877.911214953271,384.2710280373832,848.6635514018692,2250.299065420561,375.3738317757009,132.2289719626168,546.8130841121496
722,786.8207547169811,326.3490566037736,1852.8349056603774,392.3632075471698,854.4669811320755,2228.127358490566,373.4669811320755,130.11320754716982,553.1556603773585
723,847.4528301886793,328.75943396226415,1826.75,388.74528301886795,839.5377358490566,2202.1415094339623,370.3160377358491,130.17924528301887,551.3632075471698
724,967.4502369668246,321.69668246445497,1830.6824644549763,381.4312796208531,820.2843601895735,2192.388625592417,371.3696682464455,130.51184834123222,532.4786729857819
725,1091.5190476190476,333.747619047619,1884.804761904762,377.44761904761907,816.2,2224.3238095238094,375.1666666666667,130.1904761904762,536.0761904761905
726,1170.1244019138755,331.01913875598086,1967.4641148325359,375.32535885167465,822.0,2275.9473684210525,379.7081339712919,129.61244019138755,545.0526315789474
727,1032.9038461538462,326.1201923076923,2031.8990384615386,377.28365384615387,827.2211538461538,2326.668269230769,384.82211538461536,129.8653846153846,537.3269230769231
728,939.3076923076923,335.0480769230769,2048.3990384615386,381.65384615384613,833.4182692307693,2349.9134615384614,384.9182692307692,130.1153846153846,529.9951923076923
729,892.6859903381643,328.1449275362319,2064.5024154589373,385.1111111111111,839.0386473429952,2356.7487922705313,385.1835748792271,130.7487922705314,540.8743961352657
730,848.7135922330098,328.2718446601942,2083.621359223301,387.11650485436894,849.5582524271845,2344.7184466019417,389.84466019417476,132.13106796116506,558.2766990291262
731,867.1519607843137,333.7598039215686,2123.049019607843,389.4950980392157,840.3235294117648,2322.0098039215686,394.8186274509804,134.6764705882353,553.0098039215686
732,918.4509803921569,333.1813725490196,2149.049019607843,387.30392156862746,819.0686274509804,2271.450980392157,385.65686274509807,138.13235294117646,551.1225490196078
733,950.4460784313726,331.6813725490196,2145.0392156862745,386.59313725490193,811.9166666666666,2243.0539215686276,377.22549019607845,139.3186274509804,550.7941176470588
734,985.960591133005,332.13793103448273,2158.600985221675,386.3990147783251,809.4581280788177,2217.729064039409,382.6600985221675,136.07881773399015,546.3497536945813
735,1017.8965517241379,335.5320197044335,2194.3546798029556,382.8226600985222,806.8522167487685,2182.5467980295566,387.60591133004925,133.86699507389162,541.4137931034483
736,1007.14,333.37,2236.205,379.795,803.585,2172.2,387.79,136.13,550.2
737,1108.65,333.285,2231.625,375.595,794.155,2126.645,386.435,139.255,554.365
738,1208.70202020202,328.85858585858585,2229.2373737373737,368.74747474747477,779.0505050505051,2099.459595959596,386.8686868686869,141.17676767676767,535.8434343434343
739,1317.969696969697,327.6515151515151,2230.287878787879,365.8939393939394,765.2323232323232,2092.6666666666665,383.8636363636364,140.96464646464648,516.1414141414141
740,1241.5888324873097,327.7766497461929,2223.4060913705584,368.2791878172589,768.1776649746192,2109.451776649746,383.28426395939084,140.83756345177665,522.3350253807107
741,980.9794871794871,319.83076923076925,2202.7846153846153,374.8666666666667,769.723076923077,2099.74358974359,385.1179487179487,142.17435897435897,536.8666666666667
742,903.9226804123712,330.32474226804123,2192.9845360824743,380.53092783505156,757.5567010309278,2047.6082474226805,384.8453608247423,143.35051546391753,545.2989690721649
743,911.7512953367876,337.2849740932642,2189.9740932642485,382.0984455958549,744.720207253886,1990.9481865284974,386.45595854922277,142.89119170984455,547.9378238341969
744,935.3108808290156,323.4300518134715,2161.8082901554403,383.7979274611399,731.6269430051814,1933.2435233160622,387.13471502590676,141.28497409326425,544.9481865284974
745,1044.4322916666667,325.21875,2173.1875,386.4947916666667,723.78125,1893.125,387.7604166666667,140.03125,526.734375
746,1122.3578947368421,331.3578947368421,2189.6473684210528,383.4684210526316,727.2894736842105,1883.1684210526316,386.59473684210525,138.43684210526317,511.2105263157895
747,1123.2712765957447,335.5691489361702,2180.776595744681,380.43617021276594,740.0797872340426,1893.0585106382978,378.06382978723406,135.5159574468085,509.4414893617021
748,1131.3870967741937,337.747311827957,2152.1827956989246,378.7903225806452,732.3763440860215,1934.016129032258,378.52150537634407,135.53225806451613,517.1451612903226
749,1173.8279569892472,328.0698924731183,2087.3064516129034,381.3279569892473,703.4193548387096,1933.483870967742,380.9301075268817,138.59677419354838,531.005376344086
750,1195.875,319.8369565217391,2029.3152173913043,392.125,692.5978260869565,1930.1902173913043,381.2391304347826,142.35326086956522,543.3423913043479
751,1106.7650273224044,320.37704918032784,2034.0437158469945,386.6448087431694,686.4207650273224,1913.7704918032787,377.7704918032787,143.0327868852459,541.0710382513661
752,977.2983425414365,320.121546961326,2072.232044198895,376.78453038674036,677.889502762431,1895.524861878453,377.16574585635357,143.08839779005524,516.232044198895
753,976.8370786516854,321.5,2080.179775280899,377.35393258426967,673.5842696629213,1845.438202247191,378.2134831460674,142.19101123595505,506.5056179775281
754,839.0786516853933,315.64044943820227,2063.0898876404494,384.814606741573,651.2078651685393,1771.0955056179776,375.19662921348316,141.93258426966293,509.58988764044943
755,788.4514285714286,327.90285714285716,2076.84,391.45714285714286,639.8342857142857,1746.7828571428572,377.0857142857143,144.4742857142857,516.8
756,867.6127167630058,324.23121387283237,2071.9942196531792,397.4393063583815,641.456647398844,1752.8728323699422,381.35260115606934,145.7514450867052,517.3526011560693
757,943.9823529411765,315.6294117647059,2042.835294117647,405.1294117647059,647.9176470588235,1783.0294117647059,385.4647058823529,146.74117647058824,508.47058823529414
758,933.7951807228916,316.5843373493976,2092.475903614458,409.28915662650604,639.066265060241,1805.3192771084337,391.144578313253,149.49397590361446,501.69879518072287
759,826.3048780487804,317.359756097561,2180.067073170732,410.8719512195122,621.7317073170732,1813.7073170731708,391.7134146341463,151.26829268292684,509.3109756097561
760,767.08125,312.2125,2211.2625,410.34375,617.20625,1822.8625,390.775,153.58125,516.8375
761,935.547770700637,319.49044585987264,2176.6369426751594,400.6050955414013,609.0509554140127,1764.1337579617834,390.63057324840764,153.9235668789809,514.6433121019109
762,1083.4610389610389,321.6233766233766,2148.1493506493507,386.987012987013,608.5909090909091,1668.844155844156,392.77272727272725,148.57142857142858,513.2792207792207
763,1200.06,322.94666666666666,2099.733333333333,379.26,604.5933333333334,1619.02,390.26,150.31333333333333,503.4
764,1291.349315068493,322.36986301369865,2076.5,385.13698630136986,584.2739726027397,1615.986301369863,393.8835616438356,151.84931506849315,488.85616438356163
765,1207.8591549295775,314.7042253521127,2091.669014084507,395.1478873239437,586.5422535211268,1638.605633802817,395.28169014084506,153.46478873239437,484.8169014084507
766,1052.5,314.6521739130435,2137.9710144927535,393.3550724637681,594.0072463768116,1713.268115942029,393.9710144927536,150.2246376811594,488.036231884058
767,1007.6842105263158,318.82706766917295,2212.9624060150377,391.3984962406015,603.6390977443609,1747.563909774436,395.34586466165416,146.82706766917292,485.81954887218046
768,929.9302325581396,322.4108527131783,2197.3875968992247,403.1860465116279,603.5426356589147,1669.5116279069769,393.2093023255814,146.26356589147287,477.71317829457365
769,863.5,323.3968253968254,2089.0079365079364,413.7857142857143,596.5,1634.1825396825398,387.5952380952381,149.44444444444446,472.2936507936508
770,949.4590163934427,323.7295081967213,1970.0,404.40983606557376,585.2131147540983,1665.5245901639344,388.655737704918,154.54098360655738,472.07377049180326
771,1014.7033898305085,314.8813559322034,1920.1694915254238,387.3050847457627,578.6101694915254,1650.7457627118645,392.47457627118644,154.42372881355934,476.771186440678
772,914.304347826087,317.37391304347824,1901.3826086956522,377.9478260869565,579.591304347826,1612.3478260869565,395.0,150.80869565217392,470.0
773,934.936936936937,304.27027027027026,1897.837837837838,375.1261261261261,583.8018018018018,1606.837837837838,401.0990990990991,150.8918918918919,474.1801801801802
774,991.7870370370371,313.55555555555554,1902.5092592592594,374.8240740740741,587.5555555555555,1593.4351851851852,414.99074074074076,151.8148148148148,471.212962962963
775,927.4245283018868,309.50943396226415,1906.1132075471698,381.5,596.8962264150944,1566.877358490566,427.2830188679245,152.9433962264151,456.311320754717
776,856.3786407766991,308.24271844660194,1885.9417475728155,390.8932038834951,605.2330097087379,1557.8640776699028,423.07766990291265,158.6893203883495,440.68932038834953
777,837.38,311.38,1871.56,395.37,599.57,1524.61,419.01,165.76,422.13
778,926.4948453608248,310.7319587628866,1846.9896907216496,398.9072164948454,586.8556701030927,1463.618556701031,423.2783505154639,162.97938144329896,414.7525773195876
779,1038.1182795698924,318.2795698924731,1856.4301075268818,416.741935483871,584.1075268817204,1431.1827956989248,429.6559139784946,160.34408602150538,416.86021505376345
780,1053.9213483146068,324.4831460674157,1878.056179775281,448.82022471910113,585.5955056179776,1409.561797752809,442.76404494382024,158.91011235955057,415.2808988764045
781,998.435294117647,315.52941176470586,1843.0470588235294,454.2470588235294,571.0470588235294,1375.7882352941176,465.32941176470587,165.03529411764706,410.90588235294115
782,984.641975308642,308.24691358024694,1825.5061728395062,420.7283950617284,548.9012345679013,1367.8271604938273,473.679012345679,165.1358024691358,400.98765432098764
783,1039.6753246753246,313.3246753246753,1791.2207792207791,385.14285714285717,548.5714285714286,1336.935064935065,471.5584415584416,167.92207792207793,397.09090909090907
784,1057.8648648648648,314.6081081081081,1771.1351351351352,396.85135135135135,561.3918918918919,1313.8108108108108,458.8243243243243,169.7027027027027,392.2972972972973
785,978.9420289855072,315.7971014492754,1735.608695652174,413.5507246376812,553.7826086956521,1304.6376811594203,466.42028985507244,170.7536231884058,392.57971014492756
786,922.8333333333334,315.5,1630.2121212121212,434.0,542.2878787878788,1216.060606060606,480.969696969697,165.4090909090909,393.54545454545456
787,690.2666666666667,322.0833333333333,1555.3666666666666,433.6666666666667,543.7666666666667,1104.0333333333333,471.06666666666666,158.83333333333334,393.23333333333335
788,626.0,318.3392857142857,1470.0357142857142,414.51785714285717,542.4285714285714,1094.9285714285713,456.14285714285717,159.71428571428572,393.05357142857144
789,619.3018867924528,319.24528301886795,1446.0,413.0566037735849,523.1698113207547,1119.3207547169811,463.58490566037733,161.32075471698113,389.47169811320754
790,591.3404255319149,327.2340425531915,1511.8936170212767,433.8936170212766,504.0,1078.3191489361702,472.3191489361702,160.7659574468085,391.8936170212766
791,603.7380952380952,335.7142857142857,1517.047619047619,452.6666666666667,499.0,989.9285714285714,483.2857142857143,159.9047619047619,402.4047619047619
792,552.6052631578947,345.07894736842104,1413.342105263158,448.63157894736844,521.1578947368421,901.8684210526316,501.3157894736842,157.52631578947367,373.05263157894734
793,508.52941176470586,352.1764705882353,1307.5882352941176,424.2647058823529,532.5,827.9705882352941,471.05882352941177,145.3235294117647,349.7647058823529
794,451.7096774193548,361.61290322580646,1302.5806451612902,407.80645161290323,510.7741935483871,806.0,458.9032258064516,143.74193548387098,354.741935483871
795,410.9259259259259,403.1111111111111,1228.851851851852,393.1111111111111,509.7037037037037,798.5925925925926,409.3703703703704,137.74074074074073,355.85185185185185
796,384.0833333333333,393.25,1035.9166666666667,385.4166666666667,502.5,756.5416666666666,413.2916666666667,143.875,353.3333333333333
797,358.6842105263158,349.6842105263158,920.7368421052631,374.36842105263156,495.2631578947368,690.6842105263158,374.2631578947368,146.94736842105263,343.7894736842105
798,355.07142857142856,357.5,849.8571428571429,350.42857142857144,479.92857142857144,615.5714285714286,348.2857142857143,141.57142857142858,308.64285714285717
799,312.75,308.0,853.25,348.375,409.0,582.375,343.375,134.125,306.5
800,279.6666666666667,386.3333333333333,755.3333333333334,357.3333333333333,299.3333333333333,303.6666666666667,268.3333333333333,107.0,234.66666666666666
801,251.0,415.0,646.0,357.0,296.0,303.0,265.0,97.0,226.0
